filename,size_bytes
e100000g1.bmp,15116598
e100000g10.bmp,15116598
e100000g11.bmp,15116598
e100000g12.bmp,15116598
e100000g13.bmp,15116598
e100000g14.bmp,15116598
e100000g15.bmp,15116598
e100000g16.bmp,15116598
e100000g17.bmp,15116598
e100000g18.bmp,15116598
e100000g19.bmp,15116598
e100000g2.bmp,15116598
e100000g20.bmp,15116598
e100000g21.bmp,15116598
e100000g22.bmp,15116598
e100000g23.bmp,15116598
e100000g24.bmp,15116598
e100000g3.bmp,15116598
e100000g4.bmp,15116598
e100000g5.bmp,15116598
e100000g6.bmp,15116598
e100000g7.bmp,15116598
e100000g8.bmp,15116598
e100000g9.bmp,15116598
e10000g1.bmp,15116598
e10000g10.bmp,15116598
e10000g11.bmp,15116598
e10000g12.bmp,15116598
e10000g13.bmp,15116598
e10000g14.bmp,15116598
e10000g15.bmp,15116598
e10000g16.bmp,15116598
e10000g17.bmp,15116598
e10000g18.bmp,15116598
e10000g19.bmp,15116598
e10000g2.bmp,15116598
e10000g20.bmp,15116598
e10000g21.bmp,15116598
e10000g22.bmp,15116598
e10000g23.bmp,15116598
e10000g24.bmp,15116598
e10000g3.bmp,15116598
e10000g4.bmp,15116598
e10000g5.bmp,15116598
e10000g6.bmp,15116598
e10000g7.bmp,15116598
e10000g8.bmp,15116598
e10000g9.bmp,15116598
e1000g1.bmp,15116598
e1000g10.bmp,15116598
e1000g11.bmp,15116598
e1000g12.bmp,15116598
e1000g13.bmp,15116598
e1000g14.bmp,15116598
e1000g15.bmp,15116598
e1000g16.bmp,15116598
e1000g17.bmp,15116598
e1000g18.bmp,15116598
e1000g19.bmp,15116598
e1000g2.bmp,15116598
e1000g20.bmp,15116598
e1000g21.bmp,15116598
e1000g22.bmp,15116598
e1000g23.bmp,15116598
e1000g24.bmp,15116598
e1000g3.bmp,15116598
e1000g4.bmp,15116598
e1000g5.bmp,15116598
e1000g6.bmp,15116598
e1000g7.bmp,15116598
e1000g8.bmp,15116598
e1000g9.bmp,15116598
e10g1.bmp,15116598
e10g10.bmp,15116598
e10g11.bmp,15116598
e10g12.bmp,15116598
e10g13.bmp,15116598
e10g14.bmp,15116598
e10g15.bmp,15116598
e10g16.bmp,15116598
e10g17.bmp,15116598
e10g18.bmp,15116598
e10g19.bmp,15116598
e10g2.bmp,15116598
e10g20.bmp,15116598
e10g21.bmp,15116598
e10g22.bmp,15116598
e10g23.bmp,15116598
e10g24.bmp,15116598
e10g3.bmp,15116598
e10g4.bmp,15116598
e10g5.bmp,15116598
e10g6.bmp,15116598
e10g7.bmp,15116598
e10g8.bmp,15116598
e10g9.bmp,15116598
e200000g1.bmp,15116598
e200000g10.bmp,15116598
e200000g11.bmp,15116598
e200000g12.bmp,15116598
e200000g13.bmp,15116598
e200000g14.bmp,15116598
e200000g15.bmp,15116598
e200000g16.bmp,15116598
e200000g17.bmp,15116598
e200000g18.bmp,15116598
e200000g19.bmp,15116598
e200000g2.bmp,15116598
e200000g20.bmp,15116598
e200000g21.bmp,15116598
e200000g22.bmp,15116598
e200000g23.bmp,15116598
e200000g24.bmp,15116598
e200000g3.bmp,15116598
e200000g4.bmp,15116598
e200000g5.bmp,15116598
e200000g6.bmp,15116598
e200000g7.bmp,15116598
e200000g8.bmp,15116598
e200000g9.bmp,15116598
e20000g1.bmp,15116598
e20000g10.bmp,15116598
e20000g11.bmp,15116598
e20000g12.bmp,15116598
e20000g13.bmp,15116598
e20000g14.bmp,15116598
e20000g15.bmp,15116598
e20000g16.bmp,15116598
e20000g17.bmp,15116598
e20000g18.bmp,15116598
e20000g19.bmp,15116598
e20000g2.bmp,15116598
e20000g20.bmp,15116598
e20000g21.bmp,15116598
e20000g22.bmp,15116598
e20000g23.bmp,15116598
e20000g24.bmp,15116598
e20000g3.bmp,15116598
e20000g4.bmp,15116598
e20000g5.bmp,15116598
e20000g6.bmp,15116598
e20000g7.bmp,15116598
e20000g8.bmp,15116598
e20000g9.bmp,15116598
e2000g1.bmp,15116598
e2000g10.bmp,15116598
e2000g11.bmp,15116598
e2000g12.bmp,15116598
e2000g13.bmp,15116598
e2000g14.bmp,15116598
e2000g15.bmp,15116598
e2000g16.bmp,15116598
e2000g17.bmp,15116598
e2000g18.bmp,15116598
e2000g19.bmp,15116598
e2000g2.bmp,15116598
e2000g20.bmp,15116598
e2000g21.bmp,15116598
e2000g22.bmp,15116598
e2000g23.bmp,15116598
e2000g24.bmp,15116598
e2000g3.bmp,15116598
e2000g4.bmp,15116598
e2000g5.bmp,15116598
e2000g6.bmp,15116598
e2000g7.bmp,15116598
e2000g8.bmp,15116598
e2000g9.bmp,15116598
e300000g1.bmp,15116598
e300000g10.bmp,15116598
e300000g11.bmp,15116598
e300000g12.bmp,15116598
e300000g13.bmp,15116598
e300000g14.bmp,15116598
e300000g15.bmp,15116598
e300000g16.bmp,15116598
e300000g17.bmp,15116598
e300000g18.bmp,15116598
e300000g19.bmp,15116598
e300000g2.bmp,15116598
e300000g20.bmp,15116598
e300000g21.bmp,15116598
e300000g22.bmp,15116598
e300000g23.bmp,15116598
e300000g24.bmp,15116598
e300000g3.bmp,15116598
e300000g4.bmp,15116598
e300000g5.bmp,15116598
e300000g6.bmp,15116598
e300000g7.bmp,15116598
e300000g8.bmp,15116598
e300000g9.bmp,15116598
e30000g1.bmp,15116598
e30000g10.bmp,15116598
e30000g11.bmp,15116598
e30000g12.bmp,15116598
e30000g13.bmp,15116598
e30000g14.bmp,15116598
e30000g15.bmp,15116598
e30000g16.bmp,15116598
e30000g17.bmp,15116598
e30000g18.bmp,15116598
e30000g19.bmp,15116598
e30000g2.bmp,15116598
e30000g20.bmp,15116598
e30000g21.bmp,15116598
e30000g22.bmp,15116598
e30000g23.bmp,15116598
e30000g24.bmp,15116598
e30000g3.bmp,15116598
e30000g4.bmp,15116598
e30000g5.bmp,15116598
e30000g6.bmp,15116598
e30000g7.bmp,15116598
e30000g8.bmp,15116598
e30000g9.bmp,15116598
e3000g1.bmp,15116598
e3000g10.bmp,15116598
e3000g11.bmp,15116598
e3000g12.bmp,15116598
e3000g13.bmp,15116598
e3000g14.bmp,15116598
e3000g15.bmp,15116598
e3000g16.bmp,15116598
e3000g17.bmp,15116598
e3000g18.bmp,15116598
e3000g19.bmp,15116598
e3000g2.bmp,15116598
e3000g20.bmp,15116598
e3000g21.bmp,15116598
e3000g22.bmp,15116598
e3000g23.bmp,15116598
e3000g24.bmp,15116598
e3000g3.bmp,15116598
e3000g4.bmp,15116598
e3000g5.bmp,15116598
e3000g6.bmp,15116598
e3000g7.bmp,15116598
e3000g8.bmp,15116598
e3000g9.bmp,15116598
e400000g1.bmp,15116598
e400000g10.bmp,15116598
e400000g11.bmp,15116598
e400000g12.bmp,15116598
e400000g13.bmp,15116598
e400000g14.bmp,15116598
e400000g15.bmp,15116598
e400000g16.bmp,15116598
e400000g17.bmp,15116598
e400000g18.bmp,15116598
e400000g19.bmp,15116598
e400000g2.bmp,15116598
e400000g20.bmp,15116598
e400000g21.bmp,15116598
e400000g22.bmp,15116598
e400000g23.bmp,15116598
e400000g24.bmp,15116598
e400000g3.bmp,15116598
e400000g4.bmp,15116598
e400000g5.bmp,15116598
e400000g6.bmp,15116598
e400000g7.bmp,15116598
e400000g8.bmp,15116598
e400000g9.bmp,15116598
e40000g1.bmp,15116598
e40000g10.bmp,15116598
e40000g11.bmp,15116598
e40000g12.bmp,15116598
e40000g13.bmp,15116598
e40000g14.bmp,15116598
e40000g15.bmp,15116598
e40000g16.bmp,15116598
e40000g17.bmp,15116598
e40000g18.bmp,15116598
e40000g19.bmp,15116598
e40000g2.bmp,15116598
e40000g20.bmp,15116598
e40000g21.bmp,15116598
e40000g22.bmp,15116598
e40000g23.bmp,15116598
e40000g24.bmp,15116598
e40000g3.bmp,15116598
e40000g4.bmp,15116598
e40000g5.bmp,15116598
e40000g6.bmp,15116598
e40000g7.bmp,15116598
e40000g8.bmp,15116598
e40000g9.bmp,15116598
e4000g1.bmp,15116598
e4000g10.bmp,15116598
e4000g11.bmp,15116598
e4000g12.bmp,15116598
e4000g13.bmp,15116598
e4000g14.bmp,15116598
e4000g15.bmp,15116598
e4000g16.bmp,15116598
e4000g17.bmp,15116598
e4000g18.bmp,15116598
e4000g19.bmp,15116598
e4000g2.bmp,15116598
e4000g20.bmp,15116598
e4000g21.bmp,15116598
e4000g22.bmp,15116598
e4000g23.bmp,15116598
e4000g24.bmp,15116598
e4000g3.bmp,15116598
e4000g4.bmp,15116598
e4000g5.bmp,15116598
e4000g6.bmp,15116598
e4000g7.bmp,15116598
e4000g8.bmp,15116598
e4000g9.bmp,15116598
e500000g1.bmp,15116598
e500000g10.bmp,15116598
e500000g11.bmp,15116598
e500000g12.bmp,15116598
e500000g13.bmp,15116598
e500000g14.bmp,15116598
e500000g15.bmp,15116598
e500000g16.bmp,15116598
e500000g17.bmp,15116598
e500000g18.bmp,15116598
e500000g19.bmp,15116598
e500000g2.bmp,15116598
e500000g20.bmp,15116598
e500000g21.bmp,15116598
e500000g22.bmp,15116598
e500000g23.bmp,15116598
e500000g24.bmp,15116598
e500000g3.bmp,15116598
e500000g4.bmp,15116598
e500000g5.bmp,15116598
e500000g6.bmp,15116598
e500000g7.bmp,15116598
e500000g8.bmp,15116598
e500000g9.bmp,15116598
e50000g1.bmp,15116598
e50000g10.bmp,15116598
e50000g11.bmp,15116598
e50000g12.bmp,15116598
e50000g13.bmp,15116598
e50000g14.bmp,15116598
e50000g15.bmp,15116598
e50000g16.bmp,15116598
e50000g17.bmp,15116598
e50000g18.bmp,15116598
e50000g19.bmp,15116598
e50000g2.bmp,15116598
e50000g20.bmp,15116598
e50000g21.bmp,15116598
e50000g22.bmp,15116598
e50000g23.bmp,15116598
e50000g24.bmp,15116598
e50000g3.bmp,15116598
e50000g4.bmp,15116598
e50000g5.bmp,15116598
e50000g6.bmp,15116598
e50000g7.bmp,15116598
e50000g8.bmp,15116598
e50000g9.bmp,15116598
e5000g1.bmp,15116598
e5000g10.bmp,15116598
e5000g11.bmp,15116598
e5000g12.bmp,15116598
e5000g13.bmp,15116598
e5000g14.bmp,15116598
e5000g15.bmp,15116598
e5000g16.bmp,15116598
e5000g17.bmp,15116598
e5000g18.bmp,15116598
e5000g19.bmp,15116598
e5000g2.bmp,15116598
e5000g20.bmp,15116598
e5000g21.bmp,15116598
e5000g22.bmp,15116598
e5000g23.bmp,15116598
e5000g24.bmp,15116598
e5000g3.bmp,15116598
e5000g4.bmp,15116598
e5000g5.bmp,15116598
e5000g6.bmp,15116598
e5000g7.bmp,15116598
e5000g8.bmp,15116598
e5000g9.bmp,15116598
e600000g1.bmp,15116598
e600000g10.bmp,15116598
e600000g11.bmp,15116598
e600000g12.bmp,15116598
e600000g13.bmp,15116598
e600000g14.bmp,15116598
e600000g15.bmp,15116598
e600000g16.bmp,15116598
e600000g17.bmp,15116598
e600000g18.bmp,15116598
e600000g19.bmp,15116598
e600000g2.bmp,15116598
e600000g20.bmp,15116598
e600000g21.bmp,15116598
e600000g22.bmp,15116598
e600000g23.bmp,15116598
e600000g24.bmp,15116598
e600000g3.bmp,15116598
e600000g4.bmp,15116598
e600000g5.bmp,15116598
e600000g6.bmp,15116598
e600000g7.bmp,15116598
e600000g8.bmp,15116598
e600000g9.bmp,15116598
e60000g1.bmp,15116598
e60000g10.bmp,15116598
e60000g11.bmp,15116598
e60000g12.bmp,15116598
e60000g13.bmp,15116598
e60000g14.bmp,15116598
e60000g15.bmp,15116598
e60000g16.bmp,15116598
e60000g17.bmp,15116598
e60000g18.bmp,15116598
e60000g19.bmp,15116598
e60000g2.bmp,15116598
e60000g20.bmp,15116598
e60000g21.bmp,15116598
e60000g22.bmp,15116598
e60000g23.bmp,15116598
e60000g24.bmp,15116598
e60000g3.bmp,15116598
e60000g4.bmp,15116598
e60000g5.bmp,15116598
e60000g6.bmp,15116598
e60000g7.bmp,15116598
e60000g8.bmp,15116598
e60000g9.bmp,15116598
e6000g1.bmp,15116598
e6000g10.bmp,15116598
e6000g11.bmp,15116598
e6000g12.bmp,15116598
e6000g13.bmp,15116598
e6000g14.bmp,15116598
e6000g15.bmp,15116598
e6000g16.bmp,15116598
e6000g17.bmp,15116598
e6000g18.bmp,15116598
e6000g19.bmp,15116598
e6000g2.bmp,15116598
e6000g20.bmp,15116598
e6000g21.bmp,15116598
e6000g22.bmp,15116598
e6000g23.bmp,15116598
e6000g24.bmp,15116598
e6000g3.bmp,15116598
e6000g4.bmp,15116598
e6000g5.bmp,15116598
e6000g6.bmp,15116598
e6000g7.bmp,15116598
e6000g8.bmp,15116598
e6000g9.bmp,15116598
e700000g1.bmp,15116598
e700000g10.bmp,15116598
e700000g11.bmp,15116598
e700000g12.bmp,15116598
e700000g13.bmp,15116598
e700000g14.bmp,15116598
e700000g15.bmp,15116598
e700000g16.bmp,15116598
e700000g17.bmp,15116598
e700000g18.bmp,15116598
e700000g19.bmp,15116598
e700000g2.bmp,15116598
e700000g20.bmp,15116598
e700000g21.bmp,15116598
e700000g22.bmp,15116598
e700000g23.bmp,15116598
e700000g24.bmp,15116598
e700000g3.bmp,15116598
e700000g4.bmp,15116598
e700000g5.bmp,15116598
e700000g6.bmp,15116598
e700000g7.bmp,15116598
e700000g8.bmp,15116598
e700000g9.bmp,15116598
e70000g1.bmp,15116598
e70000g10.bmp,15116598
e70000g11.bmp,15116598
e70000g12.bmp,15116598
e70000g13.bmp,15116598
e70000g14.bmp,15116598
e70000g15.bmp,15116598
e70000g16.bmp,15116598
e70000g17.bmp,15116598
e70000g18.bmp,15116598
e70000g19.bmp,15116598
e70000g2.bmp,15116598
e70000g20.bmp,15116598
e70000g21.bmp,15116598
e70000g22.bmp,15116598
e70000g23.bmp,15116598
e70000g24.bmp,15116598
e70000g3.bmp,15116598
e70000g4.bmp,15116598
e70000g5.bmp,15116598
e70000g6.bmp,15116598
e70000g7.bmp,15116598
e70000g8.bmp,15116598
e70000g9.bmp,15116598
e7000g1.bmp,15116598
e7000g10.bmp,15116598
e7000g11.bmp,15116598
e7000g12.bmp,15116598
e7000g13.bmp,15116598
e7000g14.bmp,15116598
e7000g15.bmp,15116598
e7000g16.bmp,15116598
e7000g17.bmp,15116598
e7000g18.bmp,15116598
e7000g19.bmp,15116598
e7000g2.bmp,15116598
e7000g20.bmp,15116598
e7000g21.bmp,15116598
e7000g22.bmp,15116598
e7000g23.bmp,15116598
e7000g24.bmp,15116598
e7000g3.bmp,15116598
e7000g4.bmp,15116598
e7000g5.bmp,15116598
e7000g6.bmp,15116598
e7000g7.bmp,15116598
e7000g8.bmp,15116598
e7000g9.bmp,15116598
e800000g1.bmp,15116598
e800000g10.bmp,15116598
e800000g11.bmp,15116598
e800000g12.bmp,15116598
e800000g13.bmp,15116598
e800000g14.bmp,15116598
e800000g15.bmp,15116598
e800000g16.bmp,15116598
e800000g17.bmp,15116598
e800000g18.bmp,15116598
e800000g19.bmp,15116598
e800000g2.bmp,15116598
e800000g20.bmp,15116598
e800000g21.bmp,15116598
e800000g22.bmp,15116598
e800000g23.bmp,15116598
e800000g24.bmp,15116598
e800000g3.bmp,15116598
e800000g4.bmp,15116598
e800000g5.bmp,15116598
e800000g6.bmp,15116598
e800000g7.bmp,15116598
e800000g8.bmp,15116598
e800000g9.bmp,15116598
e80000g1.bmp,15116598
e80000g10.bmp,15116598
e80000g11.bmp,15116598
e80000g12.bmp,15116598
e80000g13.bmp,15116598
e80000g14.bmp,15116598
e80000g15.bmp,15116598
e80000g16.bmp,15116598
e80000g17.bmp,15116598
e80000g18.bmp,15116598
e80000g19.bmp,15116598
e80000g2.bmp,15116598
e80000g20.bmp,15116598
e80000g21.bmp,15116598
e80000g22.bmp,15116598
e80000g23.bmp,15116598
e80000g24.bmp,15116598
e80000g3.bmp,15116598
e80000g4.bmp,15116598
e80000g5.bmp,15116598
e80000g6.bmp,15116598
e80000g7.bmp,15116598
e80000g8.bmp,15116598
e80000g9.bmp,15116598
e8000g1.bmp,15116598
e8000g10.bmp,15116598
e8000g11.bmp,15116598
e8000g12.bmp,15116598
e8000g13.bmp,15116598
e8000g14.bmp,15116598
e8000g15.bmp,15116598
e8000g16.bmp,15116598
e8000g17.bmp,15116598
e8000g18.bmp,15116598
e8000g19.bmp,15116598
e8000g2.bmp,15116598
e8000g20.bmp,15116598
e8000g21.bmp,15116598
e8000g22.bmp,15116598
e8000g23.bmp,15116598
e8000g24.bmp,15116598
e8000g3.bmp,15116598
e8000g4.bmp,15116598
e8000g5.bmp,15116598
e8000g6.bmp,15116598
e8000g7.bmp,15116598
e8000g8.bmp,15116598
e8000g9.bmp,15116598
e900000g1.bmp,15116598
e900000g10.bmp,15116598
e900000g11.bmp,15116598
e900000g12.bmp,15116598
e900000g13.bmp,15116598
e900000g14.bmp,15116598
e900000g15.bmp,15116598
e900000g16.bmp,15116598
e900000g17.bmp,15116598
e900000g18.bmp,15116598
e900000g19.bmp,15116598
e900000g2.bmp,15116598
e900000g20.bmp,15116598
e900000g21.bmp,15116598
e900000g22.bmp,15116598
e900000g23.bmp,15116598
e900000g24.bmp,15116598
e900000g3.bmp,15116598
e900000g4.bmp,15116598
e900000g5.bmp,15116598
e900000g6.bmp,15116598
e900000g7.bmp,15116598
e900000g8.bmp,15116598
e900000g9.bmp,15116598
e90000g1.bmp,15116598
e90000g10.bmp,15116598
e90000g11.bmp,15116598
e90000g12.bmp,15116598
e90000g13.bmp,15116598
e90000g14.bmp,15116598
e90000g15.bmp,15116598
e90000g16.bmp,15116598
e90000g17.bmp,15116598
e90000g18.bmp,15116598
e90000g19.bmp,15116598
e90000g2.bmp,15116598
e90000g20.bmp,15116598
e90000g21.bmp,15116598
e90000g22.bmp,15116598
e90000g23.bmp,15116598
e90000g24.bmp,15116598
e90000g3.bmp,15116598
e90000g4.bmp,15116598
e90000g5.bmp,15116598
e90000g6.bmp,15116598
e90000g7.bmp,15116598
e90000g8.bmp,15116598
e90000g9.bmp,15116598
e9000g1.bmp,15116598
e9000g10.bmp,15116598
e9000g11.bmp,15116598
e9000g12.bmp,15116598
e9000g13.bmp,15116598
e9000g14.bmp,15116598
e9000g15.bmp,15116598
e9000g16.bmp,15116598
e9000g17.bmp,15116598
e9000g18.bmp,15116598
e9000g19.bmp,15116598
e9000g2.bmp,15116598
e9000g20.bmp,15116598
e9000g21.bmp,15116598
e9000g22.bmp,15116598
e9000g23.bmp,15116598
e9000g24.bmp,15116598
e9000g3.bmp,15116598
e9000g4.bmp,15116598
e9000g5.bmp,15116598
e9000g6.bmp,15116598
e9000g7.bmp,15116598
e9000g8.bmp,15116598
e9000g9.bmp,15116598
e990000g1.bmp,15116598
e990000g10.bmp,15116598
e990000g11.bmp,15116598
e990000g12.bmp,15116598
e990000g13.bmp,15116598
e990000g14.bmp,15116598
e990000g15.bmp,15116598
e990000g16.bmp,15116598
e990000g17.bmp,15116598
e990000g18.bmp,15116598
e990000g19.bmp,15116598
e990000g2.bmp,15116598
e990000g20.bmp,15116598
e990000g21.bmp,15116598
e990000g22.bmp,15116598
e990000g23.bmp,15116598
e990000g24.bmp,15116598
e990000g3.bmp,15116598
e990000g4.bmp,15116598
e990000g5.bmp,15116598
e990000g6.bmp,15116598
e990000g7.bmp,15116598
e990000g8.bmp,15116598
e990000g9.bmp,15116598
