filename,requested_exposure_us,requested_gain_db,actual_exposure_us,actual_gain_db,gamma,pixel_format,camera_model,serial_number,captured_at
e10g1.bmp,10,1,10.0,1.0230504489476258,1.0,RGB8,daA2500-14uc,40031417,2026-09-18T16:04:48
e1000g1.bmp,1000,1,1000.0,1.0230504489476258,1.0,RGB8,daA2500-14uc,40031417,2026-09-18T16:04:48
e2000g1.bmp,2000,1,2000.0,1.0230504489476258,1.0,RGB8,daA2500-14uc,40031417,2026-09-18T16:04:48
e3000g1.bmp,3000,1,3000.0,1.0230504489476258,1.0,RGB8,daA2500-14uc,40031417,2026-09-18T16:04:48
e4000g1.bmp,4000,1,4000.0,1.0230504489476258,1.0,RGB8,daA2500-14uc,40031417,2026-09-18T16:04:49
e5000g1.bmp,5000,1,5000.0,1.0230504489476258,1.0,RGB8,daA2500-14uc,40031417,2026-09-18T16:04:49
e6000g1.bmp,6000,1,6000.0,1.0230504489476258,1.0,RGB8,daA2500-14uc,40031417,2026-09-18T16:04:49
e7000g1.bmp,7000,1,7000.0,1.0230504489476258,1.0,RGB8,daA2500-14uc,40031417,2026-09-18T16:04:49
e8000g1.bmp,8000,1,8000.0,1.0230504489476258,1.0,RGB8,daA2500-14uc,40031417,2026-09-18T16:04:50
e9000g1.bmp,9000,1,9000.0,1.0230504489476258,1.0,RGB8,daA2500-14uc,40031417,2026-09-18T16:04:50
e10000g1.bmp,10000,1,10000.0,1.0230504489476258,1.0,RGB8,daA2500-14uc,40031417,2026-09-18T16:04:50
e20000g1.bmp,20000,1,20000.0,1.0230504489476258,1.0,RGB8,daA2500-14uc,40031417,2026-09-18T16:04:50
e30000g1.bmp,30000,1,30000.0,1.0230504489476258,1.0,RGB8,daA2500-14uc,40031417,2026-09-18T16:04:51
e40000g1.bmp,40000,1,40000.0,1.0230504489476258,1.0,RGB8,daA2500-14uc,40031417,2026-09-18T16:04:51
e50000g1.bmp,50000,1,50000.0,1.0230504489476258,1.0,RGB8,daA2500-14uc,40031417,2026-09-18T16:04:51
e60000g1.bmp,60000,1,60000.0,1.0230504489476258,1.0,RGB8,daA2500-14uc,40031417,2026-09-18T16:04:52
e70000g1.bmp,70000,1,70000.0,1.0230504489476258,1.0,RGB8,daA2500-14uc,40031417,2026-09-18T16:04:52
e80000g1.bmp,80000,1,80000.0,1.0230504489476258,1.0,RGB8,daA2500-14uc,40031417,2026-09-18T16:04:52
e90000g1.bmp,90000,1,90000.0,1.0230504489476258,1.0,RGB8,daA2500-14uc,40031417,2026-09-18T16:04:53
e100000g1.bmp,100000,1,100000.0,1.0230504489476258,1.0,RGB8,daA2500-14uc,40031417,2026-09-18T16:04:53
e200000g1.bmp,200000,1,200000.0,1.0230504489476258,1.0,RGB8,daA2500-14uc,40031417,2026-09-18T16:04:54
e300000g1.bmp,300000,1,300000.0,1.0230504489476258,1.0,RGB8,daA2500-14uc,40031417,2026-09-18T16:04:54
e400000g1.bmp,400000,1,400000.0,1.0230504489476258,1.0,RGB8,daA2500-14uc,40031417,2026-09-18T16:04:55
e500000g1.bmp,500000,1,500000.0,1.0230504489476258,1.0,RGB8,daA2500-14uc,40031417,2026-09-18T16:04:56
e600000g1.bmp,600000,1,600000.0,1.0230504489476258,1.0,RGB8,daA2500-14uc,40031417,2026-09-18T16:04:57
e700000g1.bmp,700000,1,700000.0,1.0230504489476258,1.0,RGB8,daA2500-14uc,40031417,2026-09-18T16:04:58
e800000g1.bmp,800000,1,800000.0,1.0230504489476258,1.0,RGB8,daA2500-14uc,40031417,2026-09-18T16:04:59
e900000g1.bmp,900000,1,900000.0,1.0230504489476258,1.0,RGB8,daA2500-14uc,40031417,2026-09-18T16:05:01
e990000g1.bmp,990000,1,990000.0,1.0230504489476258,1.0,RGB8,daA2500-14uc,40031417,2026-09-18T16:05:03
e10g2.bmp,10,2,10.0,1.9382002601611283,1.0,RGB8,daA2500-14uc,40031417,2026-09-18T16:05:03
e1000g2.bmp,1000,2,1000.0,1.9382002601611283,1.0,RGB8,daA2500-14uc,40031417,2026-09-18T16:05:05
e2000g2.bmp,2000,2,2000.0,1.9382002601611283,1.0,RGB8,daA2500-14uc,40031417,2026-09-18T16:05:05
e3000g2.bmp,3000,2,3000.0,1.9382002601611283,1.0,RGB8,daA2500-14uc,40031417,2026-09-18T16:05:05
e4000g2.bmp,4000,2,4000.0,1.9382002601611283,1.0,RGB8,daA2500-14uc,40031417,2026-09-18T16:05:05
e5000g2.bmp,5000,2,5000.0,1.9382002601611283,1.0,RGB8,daA2500-14uc,40031417,2026-09-18T16:05:06
e6000g2.bmp,6000,2,6000.0,1.9382002601611283,1.0,RGB8,daA2500-14uc,40031417,2026-09-18T16:05:06
e7000g2.bmp,7000,2,7000.0,1.9382002601611283,1.0,RGB8,daA2500-14uc,40031417,2026-09-18T16:05:06
e8000g2.bmp,8000,2,8000.0,1.9382002601611283,1.0,RGB8,daA2500-14uc,40031417,2026-09-18T16:05:06
e9000g2.bmp,9000,2,9000.0,1.9382002601611283,1.0,RGB8,daA2500-14uc,40031417,2026-09-18T16:05:06
e10000g2.bmp,10000,2,10000.0,1.9382002601611283,1.0,RGB8,daA2500-14uc,40031417,2026-09-18T16:05:07
e20000g2.bmp,20000,2,20000.0,1.9382002601611283,1.0,RGB8,daA2500-14uc,40031417,2026-09-18T16:05:07
e30000g2.bmp,30000,2,30000.0,1.9382002601611283,1.0,RGB8,daA2500-14uc,40031417,2026-09-18T16:05:07
e40000g2.bmp,40000,2,40000.0,1.9382002601611283,1.0,RGB8,daA2500-14uc,40031417,2026-09-18T16:05:08
e50000g2.bmp,50000,2,50000.0,1.9382002601611283,1.0,RGB8,daA2500-14uc,40031417,2026-09-18T16:05:08
e60000g2.bmp,60000,2,60000.0,1.9382002601611283,1.0,RGB8,daA2500-14uc,40031417,2026-09-18T16:05:08
e70000g2.bmp,70000,2,70000.0,1.9382002601611283,1.0,RGB8,daA2500-14uc,40031417,2026-09-18T16:05:09
e80000g2.bmp,80000,2,80000.0,1.9382002601611283,1.0,RGB8,daA2500-14uc,40031417,2026-09-18T16:05:09
e90000g2.bmp,90000,2,90000.0,1.9382002601611283,1.0,RGB8,daA2500-14uc,40031417,2026-09-18T16:05:10
e100000g2.bmp,100000,2,100000.0,1.9382002601611283,1.0,RGB8,daA2500-14uc,40031417,2026-09-18T16:05:10
e200000g2.bmp,200000,2,200000.0,1.9382002601611283,1.0,RGB8,daA2500-14uc,40031417,2026-09-18T16:05:10
e300000g2.bmp,300000,2,300000.0,1.9382002601611283,1.0,RGB8,daA2500-14uc,40031417,2026-09-18T16:05:11
e400000g2.bmp,400000,2,400000.0,1.9382002601611283,1.0,RGB8,daA2500-14uc,40031417,2026-09-18T16:05:12
e500000g2.bmp,500000,2,500000.0,1.9382002601611283,1.0,RGB8,daA2500-14uc,40031417,2026-09-18T16:05:12
e600000g2.bmp,600000,2,600000.0,1.9382002601611283,1.0,RGB8,daA2500-14uc,40031417,2026-09-18T16:05:13
e700000g2.bmp,700000,2,700000.0,1.9382002601611283,1.0,RGB8,daA2500-14uc,40031417,2026-09-18T16:05:15
e800000g2.bmp,800000,2,800000.0,1.9382002601611283,1.0,RGB8,daA2500-14uc,40031417,2026-09-18T16:05:16
e900000g2.bmp,900000,2,900000.0,1.9382002601611283,1.0,RGB8,daA2500-14uc,40031417,2026-09-18T16:05:18
e990000g2.bmp,990000,2,990000.0,1.9382002601611283,1.0,RGB8,daA2500-14uc,40031417,2026-09-18T16:05:19
e10g3.bmp,10,3,10.0,2.7660539633256294,1.0,RGB8,daA2500-14uc,40031417,2026-09-18T16:05:20
e1000g3.bmp,1000,3,1000.0,2.7660539633256294,1.0,RGB8,daA2500-14uc,40031417,2026-09-18T16:05:21
e2000g3.bmp,2000,3,2000.0,2.7660539633256294,1.0,RGB8,daA2500-14uc,40031417,2026-09-18T16:05:22
e3000g3.bmp,3000,3,3000.0,2.7660539633256294,1.0,RGB8,daA2500-14uc,40031417,2026-09-18T16:05:22
e4000g3.bmp,4000,3,4000.0,2.7660539633256294,1.0,RGB8,daA2500-14uc,40031417,2026-09-18T16:05:22
e5000g3.bmp,5000,3,5000.0,2.7660539633256294,1.0,RGB8,daA2500-14uc,40031417,2026-09-18T16:05:22
e6000g3.bmp,6000,3,6000.0,2.7660539633256294,1.0,RGB8,daA2500-14uc,40031417,2026-09-18T16:05:23
e7000g3.bmp,7000,3,7000.0,2.7660539633256294,1.0,RGB8,daA2500-14uc,40031417,2026-09-18T16:05:23
e8000g3.bmp,8000,3,8000.0,2.7660539633256294,1.0,RGB8,daA2500-14uc,40031417,2026-09-18T16:05:23
e9000g3.bmp,9000,3,9000.0,2.7660539633256294,1.0,RGB8,daA2500-14uc,40031417,2026-09-18T16:05:24
e10000g3.bmp,10000,3,10000.0,2.7660539633256294,1.0,RGB8,daA2500-14uc,40031417,2026-09-18T16:05:24
e20000g3.bmp,20000,3,20000.0,2.7660539633256294,1.0,RGB8,daA2500-14uc,40031417,2026-09-18T16:05:24
e30000g3.bmp,30000,3,30000.0,2.7660539633256294,1.0,RGB8,daA2500-14uc,40031417,2026-09-18T16:05:24
e40000g3.bmp,40000,3,40000.0,2.7660539633256294,1.0,RGB8,daA2500-14uc,40031417,2026-09-18T16:05:25
e50000g3.bmp,50000,3,50000.0,2.7660539633256294,1.0,RGB8,daA2500-14uc,40031417,2026-09-18T16:05:25
e60000g3.bmp,60000,3,60000.0,2.7660539633256294,1.0,RGB8,daA2500-14uc,40031417,2026-09-18T16:05:25
e70000g3.bmp,70000,3,70000.0,2.7660539633256294,1.0,RGB8,daA2500-14uc,40031417,2026-09-18T16:05:26
e80000g3.bmp,80000,3,80000.0,2.7660539633256294,1.0,RGB8,daA2500-14uc,40031417,2026-09-18T16:05:26
e90000g3.bmp,90000,3,90000.0,2.7660539633256294,1.0,RGB8,daA2500-14uc,40031417,2026-09-18T16:05:27
e100000g3.bmp,100000,3,100000.0,2.7660539633256294,1.0,RGB8,daA2500-14uc,40031417,2026-09-18T16:05:27
e200000g3.bmp,200000,3,200000.0,2.7660539633256294,1.0,RGB8,daA2500-14uc,40031417,2026-09-18T16:05:27
e300000g3.bmp,300000,3,300000.0,2.7660539633256294,1.0,RGB8,daA2500-14uc,40031417,2026-09-18T16:05:28
e400000g3.bmp,400000,3,400000.0,2.7660539633256294,1.0,RGB8,daA2500-14uc,40031417,2026-09-18T16:05:28
e500000g3.bmp,500000,3,500000.0,2.7660539633256294,1.0,RGB8,daA2500-14uc,40031417,2026-09-18T16:05:29
e600000g3.bmp,600000,3,600000.0,2.7660539633256294,1.0,RGB8,daA2500-14uc,40031417,2026-09-18T16:05:30
e700000g3.bmp,700000,3,700000.0,2.7660539633256294,1.0,RGB8,daA2500-14uc,40031417,2026-09-18T16:05:31
e800000g3.bmp,800000,3,800000.0,2.7660539633256294,1.0,RGB8,daA2500-14uc,40031417,2026-09-18T16:05:33
e900000g3.bmp,900000,3,900000.0,2.7660539633256294,1.0,RGB8,daA2500-14uc,40031417,2026-09-18T16:05:34
e990000g3.bmp,990000,3,990000.0,2.7660539633256294,1.0,RGB8,daA2500-14uc,40031417,2026-09-18T16:05:36
e10g4.bmp,10,4,10.0,4.217067306297864,1.0,RGB8,daA2500-14uc,40031417,2026-09-18T16:05:37
e1000g4.bmp,1000,4,1000.0,4.217067306297864,1.0,RGB8,daA2500-14uc,40031417,2026-09-18T16:05:38
e2000g4.bmp,2000,4,2000.0,4.217067306297864,1.0,RGB8,daA2500-14uc,40031417,2026-09-18T16:05:38
e3000g4.bmp,3000,4,3000.0,4.217067306297864,1.0,RGB8,daA2500-14uc,40031417,2026-09-18T16:05:39
e4000g4.bmp,4000,4,4000.0,4.217067306297864,1.0,RGB8,daA2500-14uc,40031417,2026-09-18T16:05:39
e5000g4.bmp,5000,4,5000.0,4.217067306297864,1.0,RGB8,daA2500-14uc,40031417,2026-09-18T16:05:39
e6000g4.bmp,6000,4,6000.0,4.217067306297864,1.0,RGB8,daA2500-14uc,40031417,2026-09-18T16:05:40
e7000g4.bmp,7000,4,7000.0,4.217067306297864,1.0,RGB8,daA2500-14uc,40031417,2026-09-18T16:05:40
e8000g4.bmp,8000,4,8000.0,4.217067306297864,1.0,RGB8,daA2500-14uc,40031417,2026-09-18T16:05:40
e9000g4.bmp,9000,4,9000.0,4.217067306297864,1.0,RGB8,daA2500-14uc,40031417,2026-09-18T16:05:40
e10000g4.bmp,10000,4,10000.0,4.217067306297864,1.0,RGB8,daA2500-14uc,40031417,2026-09-18T16:05:41
e20000g4.bmp,20000,4,20000.0,4.217067306297864,1.0,RGB8,daA2500-14uc,40031417,2026-09-18T16:05:41
e30000g4.bmp,30000,4,30000.0,4.217067306297864,1.0,RGB8,daA2500-14uc,40031417,2026-09-18T16:05:41
e40000g4.bmp,40000,4,40000.0,4.217067306297864,1.0,RGB8,daA2500-14uc,40031417,2026-09-18T16:05:42
e50000g4.bmp,50000,4,50000.0,4.217067306297864,1.0,RGB8,daA2500-14uc,40031417,2026-09-18T16:05:42
e60000g4.bmp,60000,4,60000.0,4.217067306297864,1.0,RGB8,daA2500-14uc,40031417,2026-09-18T16:05:42
e70000g4.bmp,70000,4,70000.0,4.217067306297864,1.0,RGB8,daA2500-14uc,40031417,2026-09-18T16:05:43
e80000g4.bmp,80000,4,80000.0,4.217067306297864,1.0,RGB8,daA2500-14uc,40031417,2026-09-18T16:05:43
e90000g4.bmp,90000,4,90000.0,4.217067306297864,1.0,RGB8,daA2500-14uc,40031417,2026-09-18T16:05:44
e100000g4.bmp,100000,4,100000.0,4.217067306297864,1.0,RGB8,daA2500-14uc,40031417,2026-09-18T16:05:44
e200000g4.bmp,200000,4,200000.0,4.217067306297864,1.0,RGB8,daA2500-14uc,40031417,2026-09-18T16:05:44
e300000g4.bmp,300000,4,300000.0,4.217067306297864,1.0,RGB8,daA2500-14uc,40031417,2026-09-18T16:05:45
e400000g4.bmp,400000,4,400000.0,4.217067306297864,1.0,RGB8,daA2500-14uc,40031417,2026-09-18T16:05:45
e500000g4.bmp,500000,4,500000.0,4.217067306297864,1.0,RGB8,daA2500-14uc,40031417,2026-09-18T16:05:46
e600000g4.bmp,600000,4,600000.0,4.217067306297864,1.0,RGB8,daA2500-14uc,40031417,2026-09-18T16:05:47
e700000g4.bmp,700000,4,700000.0,4.217067306297864,1.0,RGB8,daA2500-14uc,40031417,2026-09-18T16:05:48
e800000g4.bmp,800000,4,800000.0,4.217067306297864,1.0,RGB8,daA2500-14uc,40031417,2026-09-18T16:05:50
e900000g4.bmp,900000,4,900000.0,4.217067306297864,1.0,RGB8,daA2500-14uc,40031417,2026-09-18T16:05:51
e990000g4.bmp,990000,4,990000.0,4.217067306297864,1.0,RGB8,daA2500-14uc,40031417,2026-09-18T16:05:53
e10g5.bmp,10,5,10.0,4.860760973725889,1.0,RGB8,daA2500-14uc,40031417,2026-09-18T16:05:54
e1000g5.bmp,1000,5,1000.0,4.860760973725889,1.0,RGB8,daA2500-14uc,40031417,2026-09-18T16:05:55
e2000g5.bmp,2000,5,2000.0,4.860760973725889,1.0,RGB8,daA2500-14uc,40031417,2026-09-18T16:05:55
e3000g5.bmp,3000,5,3000.0,4.860760973725889,1.0,RGB8,daA2500-14uc,40031417,2026-09-18T16:05:56
e4000g5.bmp,4000,5,4000.0,4.860760973725889,1.0,RGB8,daA2500-14uc,40031417,2026-09-18T16:05:56
e5000g5.bmp,5000,5,5000.0,4.860760973725889,1.0,RGB8,daA2500-14uc,40031417,2026-09-18T16:05:56
e6000g5.bmp,6000,5,6000.0,4.860760973725889,1.0,RGB8,daA2500-14uc,40031417,2026-09-18T16:05:57
e7000g5.bmp,7000,5,7000.0,4.860760973725889,1.0,RGB8,daA2500-14uc,40031417,2026-09-18T16:05:57
e8000g5.bmp,8000,5,8000.0,4.860760973725889,1.0,RGB8,daA2500-14uc,40031417,2026-09-18T16:05:57
e9000g5.bmp,9000,5,9000.0,4.860760973725889,1.0,RGB8,daA2500-14uc,40031417,2026-09-18T16:05:57
e10000g5.bmp,10000,5,10000.0,4.860760973725889,1.0,RGB8,daA2500-14uc,40031417,2026-09-18T16:05:58
e20000g5.bmp,20000,5,20000.0,4.860760973725889,1.0,RGB8,daA2500-14uc,40031417,2026-09-18T16:05:58
e30000g5.bmp,30000,5,30000.0,4.860760973725889,1.0,RGB8,daA2500-14uc,40031417,2026-09-18T16:05:58
e40000g5.bmp,40000,5,40000.0,4.860760973725889,1.0,RGB8,daA2500-14uc,40031417,2026-09-18T16:05:58
e50000g5.bmp,50000,5,50000.0,4.860760973725889,1.0,RGB8,daA2500-14uc,40031417,2026-09-18T16:05:59
e60000g5.bmp,60000,5,60000.0,4.860760973725889,1.0,RGB8,daA2500-14uc,40031417,2026-09-18T16:05:59
e70000g5.bmp,70000,5,70000.0,4.860760973725889,1.0,RGB8,daA2500-14uc,40031417,2026-09-18T16:05:59
e80000g5.bmp,80000,5,80000.0,4.860760973725889,1.0,RGB8,daA2500-14uc,40031417,2026-09-18T16:06:00
e90000g5.bmp,90000,5,90000.0,4.860760973725889,1.0,RGB8,daA2500-14uc,40031417,2026-09-18T16:06:00
e100000g5.bmp,100000,5,100000.0,4.860760973725889,1.0,RGB8,daA2500-14uc,40031417,2026-09-18T16:06:01
e200000g5.bmp,200000,5,200000.0,4.860760973725889,1.0,RGB8,daA2500-14uc,40031417,2026-09-18T16:06:01
e300000g5.bmp,300000,5,300000.0,4.860760973725889,1.0,RGB8,daA2500-14uc,40031417,2026-09-18T16:06:02
e400000g5.bmp,400000,5,400000.0,4.860760973725889,1.0,RGB8,daA2500-14uc,40031417,2026-09-18T16:06:02
e500000g5.bmp,500000,5,500000.0,4.860760973725889,1.0,RGB8,daA2500-14uc,40031417,2026-09-18T16:06:03
e600000g5.bmp,600000,5,600000.0,4.860760973725889,1.0,RGB8,daA2500-14uc,40031417,2026-09-18T16:06:04
e700000g5.bmp,700000,5,700000.0,4.860760973725889,1.0,RGB8,daA2500-14uc,40031417,2026-09-18T16:06:05
e800000g5.bmp,800000,5,800000.0,4.860760973725889,1.0,RGB8,daA2500-14uc,40031417,2026-09-18T16:06:07
e900000g5.bmp,900000,5,900000.0,4.860760973725889,1.0,RGB8,daA2500-14uc,40031417,2026-09-18T16:06:08
e990000g5.bmp,990000,5,990000.0,4.860760973725889,1.0,RGB8,daA2500-14uc,40031417,2026-09-18T16:06:10
e10g6.bmp,10,6,10.0,6.020599913279624,1.0,RGB8,daA2500-14uc,40031417,2026-09-18T16:06:11
e1000g6.bmp,1000,6,1000.0,6.020599913279624,1.0,RGB8,daA2500-14uc,40031417,2026-09-18T16:06:12
e2000g6.bmp,2000,6,2000.0,6.020599913279624,1.0,RGB8,daA2500-14uc,40031417,2026-09-18T16:06:12
e3000g6.bmp,3000,6,3000.0,6.020599913279624,1.0,RGB8,daA2500-14uc,40031417,2026-09-18T16:06:12
e4000g6.bmp,4000,6,4000.0,6.020599913279624,1.0,RGB8,daA2500-14uc,40031417,2026-09-18T16:06:13
e5000g6.bmp,5000,6,5000.0,6.020599913279624,1.0,RGB8,daA2500-14uc,40031417,2026-09-18T16:06:13
e6000g6.bmp,6000,6,6000.0,6.020599913279624,1.0,RGB8,daA2500-14uc,40031417,2026-09-18T16:06:13
e7000g6.bmp,7000,6,7000.0,6.020599913279624,1.0,RGB8,daA2500-14uc,40031417,2026-09-18T16:06:13
e8000g6.bmp,8000,6,8000.0,6.020599913279624,1.0,RGB8,daA2500-14uc,40031417,2026-09-18T16:06:14
e9000g6.bmp,9000,6,9000.0,6.020599913279624,1.0,RGB8,daA2500-14uc,40031417,2026-09-18T16:06:14
e10000g6.bmp,10000,6,10000.0,6.020599913279624,1.0,RGB8,daA2500-14uc,40031417,2026-09-18T16:06:14
e20000g6.bmp,20000,6,20000.0,6.020599913279624,1.0,RGB8,daA2500-14uc,40031417,2026-09-18T16:06:14
e30000g6.bmp,30000,6,30000.0,6.020599913279624,1.0,RGB8,daA2500-14uc,40031417,2026-09-18T16:06:15
e40000g6.bmp,40000,6,40000.0,6.020599913279624,1.0,RGB8,daA2500-14uc,40031417,2026-09-18T16:06:15
e50000g6.bmp,50000,6,50000.0,6.020599913279624,1.0,RGB8,daA2500-14uc,40031417,2026-09-18T16:06:15
e60000g6.bmp,60000,6,60000.0,6.020599913279624,1.0,RGB8,daA2500-14uc,40031417,2026-09-18T16:06:16
e70000g6.bmp,70000,6,70000.0,6.020599913279624,1.0,RGB8,daA2500-14uc,40031417,2026-09-18T16:06:16
e80000g6.bmp,80000,6,80000.0,6.020599913279624,1.0,RGB8,daA2500-14uc,40031417,2026-09-18T16:06:17
e90000g6.bmp,90000,6,90000.0,6.020599913279624,1.0,RGB8,daA2500-14uc,40031417,2026-09-18T16:06:17
e100000g6.bmp,100000,6,100000.0,6.020599913279624,1.0,RGB8,daA2500-14uc,40031417,2026-09-18T16:06:17
e200000g6.bmp,200000,6,200000.0,6.020599913279624,1.0,RGB8,daA2500-14uc,40031417,2026-09-18T16:06:18
e300000g6.bmp,300000,6,300000.0,6.020599913279624,1.0,RGB8,daA2500-14uc,40031417,2026-09-18T16:06:18
e400000g6.bmp,400000,6,400000.0,6.020599913279624,1.0,RGB8,daA2500-14uc,40031417,2026-09-18T16:06:19
e500000g6.bmp,500000,6,500000.0,6.020599913279624,1.0,RGB8,daA2500-14uc,40031417,2026-09-18T16:06:20
e600000g6.bmp,600000,6,600000.0,6.020599913279624,1.0,RGB8,daA2500-14uc,40031417,2026-09-18T16:06:21
e700000g6.bmp,700000,6,700000.0,6.020599913279624,1.0,RGB8,daA2500-14uc,40031417,2026-09-18T16:06:22
e800000g6.bmp,800000,6,800000.0,6.020599913279624,1.0,RGB8,daA2500-14uc,40031417,2026-09-18T16:06:23
e900000g6.bmp,900000,6,900000.0,6.020599913279624,1.0,RGB8,daA2500-14uc,40031417,2026-09-18T16:06:25
e990000g6.bmp,990000,6,990000.0,6.020599913279624,1.0,RGB8,daA2500-14uc,40031417,2026-09-18T16:06:27
e10g7.bmp,10,7,10.0,7.0436503622272495,1.0,RGB8,daA2500-14uc,40031417,2026-09-18T16:06:28
e1000g7.bmp,1000,7,1000.0,7.0436503622272495,1.0,RGB8,daA2500-14uc,40031417,2026-09-18T16:06:29
e2000g7.bmp,2000,7,2000.0,7.0436503622272495,1.0,RGB8,daA2500-14uc,40031417,2026-09-18T16:06:29
e3000g7.bmp,3000,7,3000.0,7.0436503622272495,1.0,RGB8,daA2500-14uc,40031417,2026-09-18T16:06:29
e4000g7.bmp,4000,7,4000.0,7.0436503622272495,1.0,RGB8,daA2500-14uc,40031417,2026-09-18T16:06:29
e5000g7.bmp,5000,7,5000.0,7.0436503622272495,1.0,RGB8,daA2500-14uc,40031417,2026-09-18T16:06:30
e6000g7.bmp,6000,7,6000.0,7.0436503622272495,1.0,RGB8,daA2500-14uc,40031417,2026-09-18T16:06:30
e7000g7.bmp,7000,7,7000.0,7.0436503622272495,1.0,RGB8,daA2500-14uc,40031417,2026-09-18T16:06:30
e8000g7.bmp,8000,7,8000.0,7.0436503622272495,1.0,RGB8,daA2500-14uc,40031417,2026-09-18T16:06:30
e9000g7.bmp,9000,7,9000.0,7.0436503622272495,1.0,RGB8,daA2500-14uc,40031417,2026-09-18T16:06:31
e10000g7.bmp,10000,7,10000.0,7.0436503622272495,1.0,RGB8,daA2500-14uc,40031417,2026-09-18T16:06:31
e20000g7.bmp,20000,7,20000.0,7.0436503622272495,1.0,RGB8,daA2500-14uc,40031417,2026-09-18T16:06:31
e30000g7.bmp,30000,7,30000.0,7.0436503622272495,1.0,RGB8,daA2500-14uc,40031417,2026-09-18T16:06:32
e40000g7.bmp,40000,7,40000.0,7.0436503622272495,1.0,RGB8,daA2500-14uc,40031417,2026-09-18T16:06:32
e50000g7.bmp,50000,7,50000.0,7.0436503622272495,1.0,RGB8,daA2500-14uc,40031417,2026-09-18T16:06:32
e60000g7.bmp,60000,7,60000.0,7.0436503622272495,1.0,RGB8,daA2500-14uc,40031417,2026-09-18T16:06:32
e70000g7.bmp,70000,7,70000.0,7.0436503622272495,1.0,RGB8,daA2500-14uc,40031417,2026-09-18T16:06:33
e80000g7.bmp,80000,7,80000.0,7.0436503622272495,1.0,RGB8,daA2500-14uc,40031417,2026-09-18T16:06:33
e90000g7.bmp,90000,7,90000.0,7.0436503622272495,1.0,RGB8,daA2500-14uc,40031417,2026-09-18T16:06:34
e100000g7.bmp,100000,7,100000.0,7.0436503622272495,1.0,RGB8,daA2500-14uc,40031417,2026-09-18T16:06:34
e200000g7.bmp,200000,7,200000.0,7.0436503622272495,1.0,RGB8,daA2500-14uc,40031417,2026-09-18T16:06:34
e300000g7.bmp,300000,7,300000.0,7.0436503622272495,1.0,RGB8,daA2500-14uc,40031417,2026-09-18T16:06:35
e400000g7.bmp,400000,7,400000.0,7.0436503622272495,1.0,RGB8,daA2500-14uc,40031417,2026-09-18T16:06:35
e500000g7.bmp,500000,7,500000.0,7.0436503622272495,1.0,RGB8,daA2500-14uc,40031417,2026-09-18T16:06:36
e600000g7.bmp,600000,7,600000.0,7.0436503622272495,1.0,RGB8,daA2500-14uc,40031417,2026-09-18T16:06:37
e700000g7.bmp,700000,7,700000.0,7.0436503622272495,1.0,RGB8,daA2500-14uc,40031417,2026-09-18T16:06:38
e800000g7.bmp,800000,7,800000.0,7.0436503622272495,1.0,RGB8,daA2500-14uc,40031417,2026-09-18T16:06:40
e900000g7.bmp,900000,7,900000.0,7.0436503622272495,1.0,RGB8,daA2500-14uc,40031417,2026-09-18T16:06:41
e990000g7.bmp,990000,7,990000.0,7.0436503622272495,1.0,RGB8,daA2500-14uc,40031417,2026-09-18T16:06:43
e10g8.bmp,10,8,10.0,7.958800173440752,1.0,RGB8,daA2500-14uc,40031417,2026-09-18T16:06:44
e1000g8.bmp,1000,8,1000.0,7.958800173440752,1.0,RGB8,daA2500-14uc,40031417,2026-09-18T16:06:45
e2000g8.bmp,2000,8,2000.0,7.958800173440752,1.0,RGB8,daA2500-14uc,40031417,2026-09-18T16:06:45
e3000g8.bmp,3000,8,3000.0,7.958800173440752,1.0,RGB8,daA2500-14uc,40031417,2026-09-18T16:06:46
e4000g8.bmp,4000,8,4000.0,7.958800173440752,1.0,RGB8,daA2500-14uc,40031417,2026-09-18T16:06:46
e5000g8.bmp,5000,8,5000.0,7.958800173440752,1.0,RGB8,daA2500-14uc,40031417,2026-09-18T16:06:46
e6000g8.bmp,6000,8,6000.0,7.958800173440752,1.0,RGB8,daA2500-14uc,40031417,2026-09-18T16:06:47
e7000g8.bmp,7000,8,7000.0,7.958800173440752,1.0,RGB8,daA2500-14uc,40031417,2026-09-18T16:06:47
e8000g8.bmp,8000,8,8000.0,7.958800173440752,1.0,RGB8,daA2500-14uc,40031417,2026-09-18T16:06:47
e9000g8.bmp,9000,8,9000.0,7.958800173440752,1.0,RGB8,daA2500-14uc,40031417,2026-09-18T16:06:47
e10000g8.bmp,10000,8,10000.0,7.958800173440752,1.0,RGB8,daA2500-14uc,40031417,2026-09-18T16:06:48
e20000g8.bmp,20000,8,20000.0,7.958800173440752,1.0,RGB8,daA2500-14uc,40031417,2026-09-18T16:06:48
e30000g8.bmp,30000,8,30000.0,7.958800173440752,1.0,RGB8,daA2500-14uc,40031417,2026-09-18T16:06:48
e40000g8.bmp,40000,8,40000.0,7.958800173440752,1.0,RGB8,daA2500-14uc,40031417,2026-09-18T16:06:48
e50000g8.bmp,50000,8,50000.0,7.958800173440752,1.0,RGB8,daA2500-14uc,40031417,2026-09-18T16:06:49
e60000g8.bmp,60000,8,60000.0,7.958800173440752,1.0,RGB8,daA2500-14uc,40031417,2026-09-18T16:06:49
e70000g8.bmp,70000,8,70000.0,7.958800173440752,1.0,RGB8,daA2500-14uc,40031417,2026-09-18T16:06:49
e80000g8.bmp,80000,8,80000.0,7.958800173440752,1.0,RGB8,daA2500-14uc,40031417,2026-09-18T16:06:50
e90000g8.bmp,90000,8,90000.0,7.958800173440752,1.0,RGB8,daA2500-14uc,40031417,2026-09-18T16:06:50
e100000g8.bmp,100000,8,100000.0,7.958800173440752,1.0,RGB8,daA2500-14uc,40031417,2026-09-18T16:06:50
e200000g8.bmp,200000,8,200000.0,7.958800173440752,1.0,RGB8,daA2500-14uc,40031417,2026-09-18T16:06:51
e300000g8.bmp,300000,8,300000.0,7.958800173440752,1.0,RGB8,daA2500-14uc,40031417,2026-09-18T16:06:51
e400000g8.bmp,400000,8,400000.0,7.958800173440752,1.0,RGB8,daA2500-14uc,40031417,2026-09-18T16:06:52
e500000g8.bmp,500000,8,500000.0,7.958800173440752,1.0,RGB8,daA2500-14uc,40031417,2026-09-18T16:06:53
e600000g8.bmp,600000,8,600000.0,7.958800173440752,1.0,RGB8,daA2500-14uc,40031417,2026-09-18T16:06:54
e700000g8.bmp,700000,8,700000.0,7.958800173440752,1.0,RGB8,daA2500-14uc,40031417,2026-09-18T16:06:55
e800000g8.bmp,800000,8,800000.0,7.958800173440752,1.0,RGB8,daA2500-14uc,40031417,2026-09-18T16:06:56
e900000g8.bmp,900000,8,900000.0,7.958800173440752,1.0,RGB8,daA2500-14uc,40031417,2026-09-18T16:06:58
e990000g8.bmp,990000,8,990000.0,7.958800173440752,1.0,RGB8,daA2500-14uc,40031417,2026-09-18T16:07:00
e10g9.bmp,10,9,10.0,9.172756980512986,1.0,RGB8,daA2500-14uc,40031417,2026-09-18T16:07:01
e1000g9.bmp,1000,9,1000.0,9.172756980512986,1.0,RGB8,daA2500-14uc,40031417,2026-09-18T16:07:02
e2000g9.bmp,2000,9,2000.0,9.172756980512986,1.0,RGB8,daA2500-14uc,40031417,2026-09-18T16:07:02
e3000g9.bmp,3000,9,3000.0,9.172756980512986,1.0,RGB8,daA2500-14uc,40031417,2026-09-18T16:07:02
e4000g9.bmp,4000,9,4000.0,9.172756980512986,1.0,RGB8,daA2500-14uc,40031417,2026-09-18T16:07:02
e5000g9.bmp,5000,9,5000.0,9.172756980512986,1.0,RGB8,daA2500-14uc,40031417,2026-09-18T16:07:03
e6000g9.bmp,6000,9,6000.0,9.172756980512986,1.0,RGB8,daA2500-14uc,40031417,2026-09-18T16:07:03
e7000g9.bmp,7000,9,7000.0,9.172756980512986,1.0,RGB8,daA2500-14uc,40031417,2026-09-18T16:07:03
e8000g9.bmp,8000,9,8000.0,9.172756980512986,1.0,RGB8,daA2500-14uc,40031417,2026-09-18T16:07:03
e9000g9.bmp,9000,9,9000.0,9.172756980512986,1.0,RGB8,daA2500-14uc,40031417,2026-09-18T16:07:03
e10000g9.bmp,10000,9,10000.0,9.172756980512986,1.0,RGB8,daA2500-14uc,40031417,2026-09-18T16:07:04
e20000g9.bmp,20000,9,20000.0,9.172756980512986,1.0,RGB8,daA2500-14uc,40031417,2026-09-18T16:07:04
e30000g9.bmp,30000,9,30000.0,9.172756980512986,1.0,RGB8,daA2500-14uc,40031417,2026-09-18T16:07:04
e40000g9.bmp,40000,9,40000.0,9.172756980512986,1.0,RGB8,daA2500-14uc,40031417,2026-09-18T16:07:05
e50000g9.bmp,50000,9,50000.0,9.172756980512986,1.0,RGB8,daA2500-14uc,40031417,2026-09-18T16:07:05
e60000g9.bmp,60000,9,60000.0,9.172756980512986,1.0,RGB8,daA2500-14uc,40031417,2026-09-18T16:07:05
e70000g9.bmp,70000,9,70000.0,9.172756980512986,1.0,RGB8,daA2500-14uc,40031417,2026-09-18T16:07:06
e80000g9.bmp,80000,9,80000.0,9.172756980512986,1.0,RGB8,daA2500-14uc,40031417,2026-09-18T16:07:06
e90000g9.bmp,90000,9,90000.0,9.172756980512986,1.0,RGB8,daA2500-14uc,40031417,2026-09-18T16:07:06
e100000g9.bmp,100000,9,100000.0,9.172756980512986,1.0,RGB8,daA2500-14uc,40031417,2026-09-18T16:07:07
e200000g9.bmp,200000,9,200000.0,9.172756980512986,1.0,RGB8,daA2500-14uc,40031417,2026-09-18T16:07:07
e300000g9.bmp,300000,9,300000.0,9.172756980512986,1.0,RGB8,daA2500-14uc,40031417,2026-09-18T16:07:08
e400000g9.bmp,400000,9,400000.0,9.172756980512986,1.0,RGB8,daA2500-14uc,40031417,2026-09-18T16:07:08
e500000g9.bmp,500000,9,500000.0,9.172756980512986,1.0,RGB8,daA2500-14uc,40031417,2026-09-18T16:07:09
e600000g9.bmp,600000,9,600000.0,9.172756980512986,1.0,RGB8,daA2500-14uc,40031417,2026-09-18T16:07:10
e700000g9.bmp,700000,9,700000.0,9.172756980512986,1.0,RGB8,daA2500-14uc,40031417,2026-09-18T16:07:11
e800000g9.bmp,800000,9,800000.0,9.172756980512986,1.0,RGB8,daA2500-14uc,40031417,2026-09-18T16:07:13
e900000g9.bmp,900000,9,900000.0,9.172756980512986,1.0,RGB8,daA2500-14uc,40031417,2026-09-18T16:07:14
e990000g9.bmp,990000,9,990000.0,9.172756980512986,1.0,RGB8,daA2500-14uc,40031417,2026-09-18T16:07:16
e10g10.bmp,10,10,10.0,9.89700043360188,1.0,RGB8,daA2500-14uc,40031417,2026-09-18T16:07:17
e1000g10.bmp,1000,10,1000.0,9.89700043360188,1.0,RGB8,daA2500-14uc,40031417,2026-09-18T16:07:18
e2000g10.bmp,2000,10,2000.0,9.89700043360188,1.0,RGB8,daA2500-14uc,40031417,2026-09-18T16:07:18
e3000g10.bmp,3000,10,3000.0,9.89700043360188,1.0,RGB8,daA2500-14uc,40031417,2026-09-18T16:07:19
e4000g10.bmp,4000,10,4000.0,9.89700043360188,1.0,RGB8,daA2500-14uc,40031417,2026-09-18T16:07:19
e5000g10.bmp,5000,10,5000.0,9.89700043360188,1.0,RGB8,daA2500-14uc,40031417,2026-09-18T16:07:19
e6000g10.bmp,6000,10,6000.0,9.89700043360188,1.0,RGB8,daA2500-14uc,40031417,2026-09-18T16:07:20
e7000g10.bmp,7000,10,7000.0,9.89700043360188,1.0,RGB8,daA2500-14uc,40031417,2026-09-18T16:07:20
e8000g10.bmp,8000,10,8000.0,9.89700043360188,1.0,RGB8,daA2500-14uc,40031417,2026-09-18T16:07:20
e9000g10.bmp,9000,10,9000.0,9.89700043360188,1.0,RGB8,daA2500-14uc,40031417,2026-09-18T16:07:20
e10000g10.bmp,10000,10,10000.0,9.89700043360188,1.0,RGB8,daA2500-14uc,40031417,2026-09-18T16:07:21
e20000g10.bmp,20000,10,20000.0,9.89700043360188,1.0,RGB8,daA2500-14uc,40031417,2026-09-18T16:07:21
e30000g10.bmp,30000,10,30000.0,9.89700043360188,1.0,RGB8,daA2500-14uc,40031417,2026-09-18T16:07:21
e40000g10.bmp,40000,10,40000.0,9.89700043360188,1.0,RGB8,daA2500-14uc,40031417,2026-09-18T16:07:22
e50000g10.bmp,50000,10,50000.0,9.89700043360188,1.0,RGB8,daA2500-14uc,40031417,2026-09-18T16:07:22
e60000g10.bmp,60000,10,60000.0,9.89700043360188,1.0,RGB8,daA2500-14uc,40031417,2026-09-18T16:07:22
e70000g10.bmp,70000,10,70000.0,9.89700043360188,1.0,RGB8,daA2500-14uc,40031417,2026-09-18T16:07:23
e80000g10.bmp,80000,10,80000.0,9.89700043360188,1.0,RGB8,daA2500-14uc,40031417,2026-09-18T16:07:23
e90000g10.bmp,90000,10,90000.0,9.89700043360188,1.0,RGB8,daA2500-14uc,40031417,2026-09-18T16:07:23
e100000g10.bmp,100000,10,100000.0,9.89700043360188,1.0,RGB8,daA2500-14uc,40031417,2026-09-18T16:07:24
e200000g10.bmp,200000,10,200000.0,9.89700043360188,1.0,RGB8,daA2500-14uc,40031417,2026-09-18T16:07:24
e300000g10.bmp,300000,10,300000.0,9.89700043360188,1.0,RGB8,daA2500-14uc,40031417,2026-09-18T16:07:25
e400000g10.bmp,400000,10,400000.0,9.89700043360188,1.0,RGB8,daA2500-14uc,40031417,2026-09-18T16:07:25
e500000g10.bmp,500000,10,500000.0,9.89700043360188,1.0,RGB8,daA2500-14uc,40031417,2026-09-18T16:07:26
e600000g10.bmp,600000,10,600000.0,9.89700043360188,1.0,RGB8,daA2500-14uc,40031417,2026-09-18T16:07:27
e700000g10.bmp,700000,10,700000.0,9.89700043360188,1.0,RGB8,daA2500-14uc,40031417,2026-09-18T16:07:28
e800000g10.bmp,800000,10,800000.0,9.89700043360188,1.0,RGB8,daA2500-14uc,40031417,2026-09-18T16:07:30
e900000g10.bmp,900000,10,900000.0,9.89700043360188,1.0,RGB8,daA2500-14uc,40031417,2026-09-18T16:07:31
e990000g10.bmp,990000,10,990000.0,9.89700043360188,1.0,RGB8,daA2500-14uc,40031417,2026-09-18T16:07:33
e10g11.bmp,10,11,10.0,10.881360887005513,1.0,RGB8,daA2500-14uc,40031417,2026-09-18T16:07:34
e1000g11.bmp,1000,11,1000.0,10.881360887005513,1.0,RGB8,daA2500-14uc,40031417,2026-09-18T16:07:35
e2000g11.bmp,2000,11,2000.0,10.881360887005513,1.0,RGB8,daA2500-14uc,40031417,2026-09-18T16:07:35
e3000g11.bmp,3000,11,3000.0,10.881360887005513,1.0,RGB8,daA2500-14uc,40031417,2026-09-18T16:07:36
e4000g11.bmp,4000,11,4000.0,10.881360887005513,1.0,RGB8,daA2500-14uc,40031417,2026-09-18T16:07:36
e5000g11.bmp,5000,11,5000.0,10.881360887005513,1.0,RGB8,daA2500-14uc,40031417,2026-09-18T16:07:36
e6000g11.bmp,6000,11,6000.0,10.881360887005513,1.0,RGB8,daA2500-14uc,40031417,2026-09-18T16:07:36
e7000g11.bmp,7000,11,7000.0,10.881360887005513,1.0,RGB8,daA2500-14uc,40031417,2026-09-18T16:07:37
e8000g11.bmp,8000,11,8000.0,10.881360887005513,1.0,RGB8,daA2500-14uc,40031417,2026-09-18T16:07:37
e9000g11.bmp,9000,11,9000.0,10.881360887005513,1.0,RGB8,daA2500-14uc,40031417,2026-09-18T16:07:37
e10000g11.bmp,10000,11,10000.0,10.881360887005513,1.0,RGB8,daA2500-14uc,40031417,2026-09-18T16:07:38
e20000g11.bmp,20000,11,20000.0,10.881360887005513,1.0,RGB8,daA2500-14uc,40031417,2026-09-18T16:07:38
e30000g11.bmp,30000,11,30000.0,10.881360887005513,1.0,RGB8,daA2500-14uc,40031417,2026-09-18T16:07:38
e40000g11.bmp,40000,11,40000.0,10.881360887005513,1.0,RGB8,daA2500-14uc,40031417,2026-09-18T16:07:39
e50000g11.bmp,50000,11,50000.0,10.881360887005513,1.0,RGB8,daA2500-14uc,40031417,2026-09-18T16:07:39
e60000g11.bmp,60000,11,60000.0,10.881360887005513,1.0,RGB8,daA2500-14uc,40031417,2026-09-18T16:07:39
e70000g11.bmp,70000,11,70000.0,10.881360887005513,1.0,RGB8,daA2500-14uc,40031417,2026-09-18T16:07:40
e80000g11.bmp,80000,11,80000.0,10.881360887005513,1.0,RGB8,daA2500-14uc,40031417,2026-09-18T16:07:40
e90000g11.bmp,90000,11,90000.0,10.881360887005513,1.0,RGB8,daA2500-14uc,40031417,2026-09-18T16:07:40
e100000g11.bmp,100000,11,100000.0,10.881360887005513,1.0,RGB8,daA2500-14uc,40031417,2026-09-18T16:07:41
e200000g11.bmp,200000,11,200000.0,10.881360887005513,1.0,RGB8,daA2500-14uc,40031417,2026-09-18T16:07:41
e300000g11.bmp,300000,11,300000.0,10.881360887005513,1.0,RGB8,daA2500-14uc,40031417,2026-09-18T16:07:42
e400000g11.bmp,400000,11,400000.0,10.881360887005513,1.0,RGB8,daA2500-14uc,40031417,2026-09-18T16:07:42
e500000g11.bmp,500000,11,500000.0,10.881360887005513,1.0,RGB8,daA2500-14uc,40031417,2026-09-18T16:07:43
e600000g11.bmp,600000,11,600000.0,10.881360887005513,1.0,RGB8,daA2500-14uc,40031417,2026-09-18T16:07:44
e700000g11.bmp,700000,11,700000.0,10.881360887005513,1.0,RGB8,daA2500-14uc,40031417,2026-09-18T16:07:45
e800000g11.bmp,800000,11,800000.0,10.881360887005513,1.0,RGB8,daA2500-14uc,40031417,2026-09-18T16:07:47
e900000g11.bmp,900000,11,900000.0,10.881360887005513,1.0,RGB8,daA2500-14uc,40031417,2026-09-18T16:07:48
e990000g11.bmp,990000,11,990000.0,10.881360887005513,1.0,RGB8,daA2500-14uc,40031417,2026-09-18T16:07:50
e10g12.bmp,10,12,10.0,12.041199826559248,1.0,RGB8,daA2500-14uc,40031417,2026-09-18T16:07:51
e1000g12.bmp,1000,12,1000.0,12.041199826559248,1.0,RGB8,daA2500-14uc,40031417,2026-09-18T16:07:52
e2000g12.bmp,2000,12,2000.0,12.041199826559248,1.0,RGB8,daA2500-14uc,40031417,2026-09-18T16:07:52
e3000g12.bmp,3000,12,3000.0,12.041199826559248,1.0,RGB8,daA2500-14uc,40031417,2026-09-18T16:07:53
e4000g12.bmp,4000,12,4000.0,12.041199826559248,1.0,RGB8,daA2500-14uc,40031417,2026-09-18T16:07:53
e5000g12.bmp,5000,12,5000.0,12.041199826559248,1.0,RGB8,daA2500-14uc,40031417,2026-09-18T16:07:53
e6000g12.bmp,6000,12,6000.0,12.041199826559248,1.0,RGB8,daA2500-14uc,40031417,2026-09-18T16:07:54
e7000g12.bmp,7000,12,7000.0,12.041199826559248,1.0,RGB8,daA2500-14uc,40031417,2026-09-18T16:07:54
e8000g12.bmp,8000,12,8000.0,12.041199826559248,1.0,RGB8,daA2500-14uc,40031417,2026-09-18T16:07:54
e9000g12.bmp,9000,12,9000.0,12.041199826559248,1.0,RGB8,daA2500-14uc,40031417,2026-09-18T16:07:54
e10000g12.bmp,10000,12,10000.0,12.041199826559248,1.0,RGB8,daA2500-14uc,40031417,2026-09-18T16:07:55
e20000g12.bmp,20000,12,20000.0,12.041199826559248,1.0,RGB8,daA2500-14uc,40031417,2026-09-18T16:07:55
e30000g12.bmp,30000,12,30000.0,12.041199826559248,1.0,RGB8,daA2500-14uc,40031417,2026-09-18T16:07:55
e40000g12.bmp,40000,12,40000.0,12.041199826559248,1.0,RGB8,daA2500-14uc,40031417,2026-09-18T16:07:56
e50000g12.bmp,50000,12,50000.0,12.041199826559248,1.0,RGB8,daA2500-14uc,40031417,2026-09-18T16:07:56
e60000g12.bmp,60000,12,60000.0,12.041199826559248,1.0,RGB8,daA2500-14uc,40031417,2026-09-18T16:07:56
e70000g12.bmp,70000,12,70000.0,12.041199826559248,1.0,RGB8,daA2500-14uc,40031417,2026-09-18T16:07:57
e80000g12.bmp,80000,12,80000.0,12.041199826559248,1.0,RGB8,daA2500-14uc,40031417,2026-09-18T16:07:57
e90000g12.bmp,90000,12,90000.0,12.041199826559248,1.0,RGB8,daA2500-14uc,40031417,2026-09-18T16:07:58
e100000g12.bmp,100000,12,100000.0,12.041199826559248,1.0,RGB8,daA2500-14uc,40031417,2026-09-18T16:07:58
e200000g12.bmp,200000,12,200000.0,12.041199826559248,1.0,RGB8,daA2500-14uc,40031417,2026-09-18T16:07:58
e300000g12.bmp,300000,12,300000.0,12.041199826559248,1.0,RGB8,daA2500-14uc,40031417,2026-09-18T16:07:59
e400000g12.bmp,400000,12,400000.0,12.041199826559248,1.0,RGB8,daA2500-14uc,40031417,2026-09-18T16:07:59
e500000g12.bmp,500000,12,500000.0,12.041199826559248,1.0,RGB8,daA2500-14uc,40031417,2026-09-18T16:08:00
e600000g12.bmp,600000,12,600000.0,12.041199826559248,1.0,RGB8,daA2500-14uc,40031417,2026-09-18T16:08:01
e700000g12.bmp,700000,12,700000.0,12.041199826559248,1.0,RGB8,daA2500-14uc,40031417,2026-09-18T16:08:02
e800000g12.bmp,800000,12,800000.0,12.041199826559248,1.0,RGB8,daA2500-14uc,40031417,2026-09-18T16:08:04
e900000g12.bmp,900000,12,900000.0,12.041199826559248,1.0,RGB8,daA2500-14uc,40031417,2026-09-18T16:08:05
e990000g12.bmp,990000,12,990000.0,12.041199826559248,1.0,RGB8,daA2500-14uc,40031417,2026-09-18T16:08:07
e10g13.bmp,10,13,10.0,13.064250275506875,1.0,RGB8,daA2500-14uc,40031417,2026-09-18T16:08:08
e1000g13.bmp,1000,13,1000.0,13.064250275506875,1.0,RGB8,daA2500-14uc,40031417,2026-09-18T16:08:09
e2000g13.bmp,2000,13,2000.0,13.064250275506875,1.0,RGB8,daA2500-14uc,40031417,2026-09-18T16:08:09
e3000g13.bmp,3000,13,3000.0,13.064250275506875,1.0,RGB8,daA2500-14uc,40031417,2026-09-18T16:08:10
e4000g13.bmp,4000,13,4000.0,13.064250275506875,1.0,RGB8,daA2500-14uc,40031417,2026-09-18T16:08:10
e5000g13.bmp,5000,13,5000.0,13.064250275506875,1.0,RGB8,daA2500-14uc,40031417,2026-09-18T16:08:10
e6000g13.bmp,6000,13,6000.0,13.064250275506875,1.0,RGB8,daA2500-14uc,40031417,2026-09-18T16:08:10
e7000g13.bmp,7000,13,7000.0,13.064250275506875,1.0,RGB8,daA2500-14uc,40031417,2026-09-18T16:08:11
e8000g13.bmp,8000,13,8000.0,13.064250275506875,1.0,RGB8,daA2500-14uc,40031417,2026-09-18T16:08:11
e9000g13.bmp,9000,13,9000.0,13.064250275506875,1.0,RGB8,daA2500-14uc,40031417,2026-09-18T16:08:11
e10000g13.bmp,10000,13,10000.0,13.064250275506875,1.0,RGB8,daA2500-14uc,40031417,2026-09-18T16:08:11
e20000g13.bmp,20000,13,20000.0,13.064250275506875,1.0,RGB8,daA2500-14uc,40031417,2026-09-18T16:08:12
e30000g13.bmp,30000,13,30000.0,13.064250275506875,1.0,RGB8,daA2500-14uc,40031417,2026-09-18T16:08:12
e40000g13.bmp,40000,13,40000.0,13.064250275506875,1.0,RGB8,daA2500-14uc,40031417,2026-09-18T16:08:12
e50000g13.bmp,50000,13,50000.0,13.064250275506875,1.0,RGB8,daA2500-14uc,40031417,2026-09-18T16:08:13
e60000g13.bmp,60000,13,60000.0,13.064250275506875,1.0,RGB8,daA2500-14uc,40031417,2026-09-18T16:08:13
e70000g13.bmp,70000,13,70000.0,13.064250275506875,1.0,RGB8,daA2500-14uc,40031417,2026-09-18T16:08:13
e80000g13.bmp,80000,13,80000.0,13.064250275506875,1.0,RGB8,daA2500-14uc,40031417,2026-09-18T16:08:14
e90000g13.bmp,90000,13,90000.0,13.064250275506875,1.0,RGB8,daA2500-14uc,40031417,2026-09-18T16:08:14
e100000g13.bmp,100000,13,100000.0,13.064250275506875,1.0,RGB8,daA2500-14uc,40031417,2026-09-18T16:08:15
e200000g13.bmp,200000,13,200000.0,13.064250275506875,1.0,RGB8,daA2500-14uc,40031417,2026-09-18T16:08:15
e300000g13.bmp,300000,13,300000.0,13.064250275506875,1.0,RGB8,daA2500-14uc,40031417,2026-09-18T16:08:16
e400000g13.bmp,400000,13,400000.0,13.064250275506875,1.0,RGB8,daA2500-14uc,40031417,2026-09-18T16:08:16
e500000g13.bmp,500000,13,500000.0,13.064250275506875,1.0,RGB8,daA2500-14uc,40031417,2026-09-18T16:08:17
e600000g13.bmp,600000,13,600000.0,13.064250275506875,1.0,RGB8,daA2500-14uc,40031417,2026-09-18T16:08:18
e700000g13.bmp,700000,13,700000.0,13.064250275506875,1.0,RGB8,daA2500-14uc,40031417,2026-09-18T16:08:19
e800000g13.bmp,800000,13,800000.0,13.064250275506875,1.0,RGB8,daA2500-14uc,40031417,2026-09-18T16:08:21
e900000g13.bmp,900000,13,900000.0,13.064250275506875,1.0,RGB8,daA2500-14uc,40031417,2026-09-18T16:08:22
e990000g13.bmp,990000,13,990000.0,13.064250275506875,1.0,RGB8,daA2500-14uc,40031417,2026-09-18T16:08:24
e10g14.bmp,10,14,10.0,13.979400086720377,1.0,RGB8,daA2500-14uc,40031417,2026-09-18T16:08:25
e1000g14.bmp,1000,14,1000.0,13.979400086720377,1.0,RGB8,daA2500-14uc,40031417,2026-09-18T16:08:26
e2000g14.bmp,2000,14,2000.0,13.979400086720377,1.0,RGB8,daA2500-14uc,40031417,2026-09-18T16:08:26
e3000g14.bmp,3000,14,3000.0,13.979400086720377,1.0,RGB8,daA2500-14uc,40031417,2026-09-18T16:08:26
e4000g14.bmp,4000,14,4000.0,13.979400086720377,1.0,RGB8,daA2500-14uc,40031417,2026-09-18T16:08:27
e5000g14.bmp,5000,14,5000.0,13.979400086720377,1.0,RGB8,daA2500-14uc,40031417,2026-09-18T16:08:27
e6000g14.bmp,6000,14,6000.0,13.979400086720377,1.0,RGB8,daA2500-14uc,40031417,2026-09-18T16:08:27
e7000g14.bmp,7000,14,7000.0,13.979400086720377,1.0,RGB8,daA2500-14uc,40031417,2026-09-18T16:08:27
e8000g14.bmp,8000,14,8000.0,13.979400086720377,1.0,RGB8,daA2500-14uc,40031417,2026-09-18T16:08:28
e9000g14.bmp,9000,14,9000.0,13.979400086720377,1.0,RGB8,daA2500-14uc,40031417,2026-09-18T16:08:28
e10000g14.bmp,10000,14,10000.0,13.979400086720377,1.0,RGB8,daA2500-14uc,40031417,2026-09-18T16:08:28
e20000g14.bmp,20000,14,20000.0,13.979400086720377,1.0,RGB8,daA2500-14uc,40031417,2026-09-18T16:08:29
e30000g14.bmp,30000,14,30000.0,13.979400086720377,1.0,RGB8,daA2500-14uc,40031417,2026-09-18T16:08:29
e40000g14.bmp,40000,14,40000.0,13.979400086720377,1.0,RGB8,daA2500-14uc,40031417,2026-09-18T16:08:29
e50000g14.bmp,50000,14,50000.0,13.979400086720377,1.0,RGB8,daA2500-14uc,40031417,2026-09-18T16:08:30
e60000g14.bmp,60000,14,60000.0,13.979400086720377,1.0,RGB8,daA2500-14uc,40031417,2026-09-18T16:08:30
e70000g14.bmp,70000,14,70000.0,13.979400086720377,1.0,RGB8,daA2500-14uc,40031417,2026-09-18T16:08:30
e80000g14.bmp,80000,14,80000.0,13.979400086720377,1.0,RGB8,daA2500-14uc,40031417,2026-09-18T16:08:31
e90000g14.bmp,90000,14,90000.0,13.979400086720377,1.0,RGB8,daA2500-14uc,40031417,2026-09-18T16:08:31
e100000g14.bmp,100000,14,100000.0,13.979400086720377,1.0,RGB8,daA2500-14uc,40031417,2026-09-18T16:08:31
e200000g14.bmp,200000,14,200000.0,13.979400086720377,1.0,RGB8,daA2500-14uc,40031417,2026-09-18T16:08:32
e300000g14.bmp,300000,14,300000.0,13.979400086720377,1.0,RGB8,daA2500-14uc,40031417,2026-09-18T16:08:32
e400000g14.bmp,400000,14,400000.0,13.979400086720377,1.0,RGB8,daA2500-14uc,40031417,2026-09-18T16:08:33
e500000g14.bmp,500000,14,500000.0,13.979400086720377,1.0,RGB8,daA2500-14uc,40031417,2026-09-18T16:08:34
e600000g14.bmp,600000,14,600000.0,13.979400086720377,1.0,RGB8,daA2500-14uc,40031417,2026-09-18T16:08:35
e700000g14.bmp,700000,14,700000.0,13.979400086720377,1.0,RGB8,daA2500-14uc,40031417,2026-09-18T16:08:36
e800000g14.bmp,800000,14,800000.0,13.979400086720377,1.0,RGB8,daA2500-14uc,40031417,2026-09-18T16:08:37
e900000g14.bmp,900000,14,900000.0,13.979400086720377,1.0,RGB8,daA2500-14uc,40031417,2026-09-18T16:08:39
e990000g14.bmp,990000,14,990000.0,13.979400086720377,1.0,RGB8,daA2500-14uc,40031417,2026-09-18T16:08:41
e10g15.bmp,10,15,10.0,15.002450535668002,1.0,RGB8,daA2500-14uc,40031417,2026-09-18T16:08:42
e1000g15.bmp,1000,15,1000.0,15.002450535668002,1.0,RGB8,daA2500-14uc,40031417,2026-09-18T16:08:43
e2000g15.bmp,2000,15,2000.0,15.002450535668002,1.0,RGB8,daA2500-14uc,40031417,2026-09-18T16:08:43
e3000g15.bmp,3000,15,3000.0,15.002450535668002,1.0,RGB8,daA2500-14uc,40031417,2026-09-18T16:08:43
e4000g15.bmp,4000,15,4000.0,15.002450535668002,1.0,RGB8,daA2500-14uc,40031417,2026-09-18T16:08:44
e5000g15.bmp,5000,15,5000.0,15.002450535668002,1.0,RGB8,daA2500-14uc,40031417,2026-09-18T16:08:44
e6000g15.bmp,6000,15,6000.0,15.002450535668002,1.0,RGB8,daA2500-14uc,40031417,2026-09-18T16:08:44
e7000g15.bmp,7000,15,7000.0,15.002450535668002,1.0,RGB8,daA2500-14uc,40031417,2026-09-18T16:08:45
e8000g15.bmp,8000,15,8000.0,15.002450535668002,1.0,RGB8,daA2500-14uc,40031417,2026-09-18T16:08:45
e9000g15.bmp,9000,15,9000.0,15.002450535668002,1.0,RGB8,daA2500-14uc,40031417,2026-09-18T16:08:45
e10000g15.bmp,10000,15,10000.0,15.002450535668002,1.0,RGB8,daA2500-14uc,40031417,2026-09-18T16:08:45
e20000g15.bmp,20000,15,20000.0,15.002450535668002,1.0,RGB8,daA2500-14uc,40031417,2026-09-18T16:08:46
e30000g15.bmp,30000,15,30000.0,15.002450535668002,1.0,RGB8,daA2500-14uc,40031417,2026-09-18T16:08:46
e40000g15.bmp,40000,15,40000.0,15.002450535668002,1.0,RGB8,daA2500-14uc,40031417,2026-09-18T16:08:46
e50000g15.bmp,50000,15,50000.0,15.002450535668002,1.0,RGB8,daA2500-14uc,40031417,2026-09-18T16:08:47
e60000g15.bmp,60000,15,60000.0,15.002450535668002,1.0,RGB8,daA2500-14uc,40031417,2026-09-18T16:08:47
e70000g15.bmp,70000,15,70000.0,15.002450535668002,1.0,RGB8,daA2500-14uc,40031417,2026-09-18T16:08:47
e80000g15.bmp,80000,15,80000.0,15.002450535668002,1.0,RGB8,daA2500-14uc,40031417,2026-09-18T16:08:48
e90000g15.bmp,90000,15,90000.0,15.002450535668002,1.0,RGB8,daA2500-14uc,40031417,2026-09-18T16:08:48
e100000g15.bmp,100000,15,100000.0,15.002450535668002,1.0,RGB8,daA2500-14uc,40031417,2026-09-18T16:08:49
e200000g15.bmp,200000,15,200000.0,15.002450535668002,1.0,RGB8,daA2500-14uc,40031417,2026-09-18T16:08:49
e300000g15.bmp,300000,15,300000.0,15.002450535668002,1.0,RGB8,daA2500-14uc,40031417,2026-09-18T16:08:50
e400000g15.bmp,400000,15,400000.0,15.002450535668002,1.0,RGB8,daA2500-14uc,40031417,2026-09-18T16:08:50
e500000g15.bmp,500000,15,500000.0,15.002450535668002,1.0,RGB8,daA2500-14uc,40031417,2026-09-18T16:08:51
e600000g15.bmp,600000,15,600000.0,15.002450535668002,1.0,RGB8,daA2500-14uc,40031417,2026-09-18T16:08:52
e700000g15.bmp,700000,15,700000.0,15.002450535668002,1.0,RGB8,daA2500-14uc,40031417,2026-09-18T16:08:53
e800000g15.bmp,800000,15,800000.0,15.002450535668002,1.0,RGB8,daA2500-14uc,40031417,2026-09-18T16:08:55
e900000g15.bmp,900000,15,900000.0,15.002450535668002,1.0,RGB8,daA2500-14uc,40031417,2026-09-18T16:08:56
e990000g15.bmp,990000,15,990000.0,15.002450535668002,1.0,RGB8,daA2500-14uc,40031417,2026-09-18T16:08:58
e10g16.bmp,10,16,10.0,15.917600346881503,1.0,RGB8,daA2500-14uc,40031417,2026-09-18T16:08:59
e1000g16.bmp,1000,16,1000.0,15.917600346881503,1.0,RGB8,daA2500-14uc,40031417,2026-09-18T16:09:00
e2000g16.bmp,2000,16,2000.0,15.917600346881503,1.0,RGB8,daA2500-14uc,40031417,2026-09-18T16:09:00
e3000g16.bmp,3000,16,3000.0,15.917600346881503,1.0,RGB8,daA2500-14uc,40031417,2026-09-18T16:09:00
e4000g16.bmp,4000,16,4000.0,15.917600346881503,1.0,RGB8,daA2500-14uc,40031417,2026-09-18T16:09:01
e5000g16.bmp,5000,16,5000.0,15.917600346881503,1.0,RGB8,daA2500-14uc,40031417,2026-09-18T16:09:01
e6000g16.bmp,6000,16,6000.0,15.917600346881503,1.0,RGB8,daA2500-14uc,40031417,2026-09-18T16:09:01
e7000g16.bmp,7000,16,7000.0,15.917600346881503,1.0,RGB8,daA2500-14uc,40031417,2026-09-18T16:09:01
e8000g16.bmp,8000,16,8000.0,15.917600346881503,1.0,RGB8,daA2500-14uc,40031417,2026-09-18T16:09:02
e9000g16.bmp,9000,16,9000.0,15.917600346881503,1.0,RGB8,daA2500-14uc,40031417,2026-09-18T16:09:02
e10000g16.bmp,10000,16,10000.0,15.917600346881503,1.0,RGB8,daA2500-14uc,40031417,2026-09-18T16:09:02
e20000g16.bmp,20000,16,20000.0,15.917600346881503,1.0,RGB8,daA2500-14uc,40031417,2026-09-18T16:09:03
e30000g16.bmp,30000,16,30000.0,15.917600346881503,1.0,RGB8,daA2500-14uc,40031417,2026-09-18T16:09:03
e40000g16.bmp,40000,16,40000.0,15.917600346881503,1.0,RGB8,daA2500-14uc,40031417,2026-09-18T16:09:03
e50000g16.bmp,50000,16,50000.0,15.917600346881503,1.0,RGB8,daA2500-14uc,40031417,2026-09-18T16:09:03
e60000g16.bmp,60000,16,60000.0,15.917600346881503,1.0,RGB8,daA2500-14uc,40031417,2026-09-18T16:09:04
e70000g16.bmp,70000,16,70000.0,15.917600346881503,1.0,RGB8,daA2500-14uc,40031417,2026-09-18T16:09:04
e80000g16.bmp,80000,16,80000.0,15.917600346881503,1.0,RGB8,daA2500-14uc,40031417,2026-09-18T16:09:04
e90000g16.bmp,90000,16,90000.0,15.917600346881503,1.0,RGB8,daA2500-14uc,40031417,2026-09-18T16:09:05
e100000g16.bmp,100000,16,100000.0,15.917600346881503,1.0,RGB8,daA2500-14uc,40031417,2026-09-18T16:09:05
e200000g16.bmp,200000,16,200000.0,15.917600346881503,1.0,RGB8,daA2500-14uc,40031417,2026-09-18T16:09:06
e300000g16.bmp,300000,16,300000.0,15.917600346881503,1.0,RGB8,daA2500-14uc,40031417,2026-09-18T16:09:06
e400000g16.bmp,400000,16,400000.0,15.917600346881503,1.0,RGB8,daA2500-14uc,40031417,2026-09-18T16:09:07
e500000g16.bmp,500000,16,500000.0,15.917600346881503,1.0,RGB8,daA2500-14uc,40031417,2026-09-18T16:09:08
e600000g16.bmp,600000,16,600000.0,15.917600346881503,1.0,RGB8,daA2500-14uc,40031417,2026-09-18T16:09:09
e700000g16.bmp,700000,16,700000.0,15.917600346881503,1.0,RGB8,daA2500-14uc,40031417,2026-09-18T16:09:10
e800000g16.bmp,800000,16,800000.0,15.917600346881503,1.0,RGB8,daA2500-14uc,40031417,2026-09-18T16:09:11
e900000g16.bmp,900000,16,900000.0,15.917600346881503,1.0,RGB8,daA2500-14uc,40031417,2026-09-18T16:09:13
e990000g16.bmp,990000,16,990000.0,15.917600346881503,1.0,RGB8,daA2500-14uc,40031417,2026-09-18T16:09:15
e10g17.bmp,10,17,10.0,17.055697373610958,1.0,RGB8,daA2500-14uc,40031417,2026-09-18T16:09:15
e1000g17.bmp,1000,17,1000.0,17.055697373610958,1.0,RGB8,daA2500-14uc,40031417,2026-09-18T16:09:17
e2000g17.bmp,2000,17,2000.0,17.055697373610958,1.0,RGB8,daA2500-14uc,40031417,2026-09-18T16:09:17
e3000g17.bmp,3000,17,3000.0,17.055697373610958,1.0,RGB8,daA2500-14uc,40031417,2026-09-18T16:09:17
e4000g17.bmp,4000,17,4000.0,17.055697373610958,1.0,RGB8,daA2500-14uc,40031417,2026-09-18T16:09:17
e5000g17.bmp,5000,17,5000.0,17.055697373610958,1.0,RGB8,daA2500-14uc,40031417,2026-09-18T16:09:18
e6000g17.bmp,6000,17,6000.0,17.055697373610958,1.0,RGB8,daA2500-14uc,40031417,2026-09-18T16:09:18
e7000g17.bmp,7000,17,7000.0,17.055697373610958,1.0,RGB8,daA2500-14uc,40031417,2026-09-18T16:09:18
e8000g17.bmp,8000,17,8000.0,17.055697373610958,1.0,RGB8,daA2500-14uc,40031417,2026-09-18T16:09:18
e9000g17.bmp,9000,17,9000.0,17.055697373610958,1.0,RGB8,daA2500-14uc,40031417,2026-09-18T16:09:19
e10000g17.bmp,10000,17,10000.0,17.055697373610958,1.0,RGB8,daA2500-14uc,40031417,2026-09-18T16:09:19
e20000g17.bmp,20000,17,20000.0,17.055697373610958,1.0,RGB8,daA2500-14uc,40031417,2026-09-18T16:09:19
e30000g17.bmp,30000,17,30000.0,17.055697373610958,1.0,RGB8,daA2500-14uc,40031417,2026-09-18T16:09:20
e40000g17.bmp,40000,17,40000.0,17.055697373610958,1.0,RGB8,daA2500-14uc,40031417,2026-09-18T16:09:20
e50000g17.bmp,50000,17,50000.0,17.055697373610958,1.0,RGB8,daA2500-14uc,40031417,2026-09-18T16:09:20
e60000g17.bmp,60000,17,60000.0,17.055697373610958,1.0,RGB8,daA2500-14uc,40031417,2026-09-18T16:09:21
e70000g17.bmp,70000,17,70000.0,17.055697373610958,1.0,RGB8,daA2500-14uc,40031417,2026-09-18T16:09:21
e80000g17.bmp,80000,17,80000.0,17.055697373610958,1.0,RGB8,daA2500-14uc,40031417,2026-09-18T16:09:21
e90000g17.bmp,90000,17,90000.0,17.055697373610958,1.0,RGB8,daA2500-14uc,40031417,2026-09-18T16:09:22
e100000g17.bmp,100000,17,100000.0,17.055697373610958,1.0,RGB8,daA2500-14uc,40031417,2026-09-18T16:09:22
e200000g17.bmp,200000,17,200000.0,17.055697373610958,1.0,RGB8,daA2500-14uc,40031417,2026-09-18T16:09:22
e300000g17.bmp,300000,17,300000.0,17.055697373610958,1.0,RGB8,daA2500-14uc,40031417,2026-09-18T16:09:23
e400000g17.bmp,400000,17,400000.0,17.055697373610958,1.0,RGB8,daA2500-14uc,40031417,2026-09-18T16:09:24
e500000g17.bmp,500000,17,500000.0,17.055697373610958,1.0,RGB8,daA2500-14uc,40031417,2026-09-18T16:09:24
e600000g17.bmp,600000,17,600000.0,17.055697373610958,1.0,RGB8,daA2500-14uc,40031417,2026-09-18T16:09:25
e700000g17.bmp,700000,17,700000.0,17.055697373610958,1.0,RGB8,daA2500-14uc,40031417,2026-09-18T16:09:27
e800000g17.bmp,800000,17,800000.0,17.055697373610958,1.0,RGB8,daA2500-14uc,40031417,2026-09-18T16:09:28
e900000g17.bmp,900000,17,900000.0,17.055697373610958,1.0,RGB8,daA2500-14uc,40031417,2026-09-18T16:09:30
e990000g17.bmp,990000,17,990000.0,17.055697373610958,1.0,RGB8,daA2500-14uc,40031417,2026-09-18T16:09:31
e10g18.bmp,10,18,10.0,18.06179973983887,1.0,RGB8,daA2500-14uc,40031417,2026-09-18T16:09:32
e1000g18.bmp,1000,18,1000.0,18.06179973983887,1.0,RGB8,daA2500-14uc,40031417,2026-09-18T16:09:33
e2000g18.bmp,2000,18,2000.0,18.06179973983887,1.0,RGB8,daA2500-14uc,40031417,2026-09-18T16:09:34
e3000g18.bmp,3000,18,3000.0,18.06179973983887,1.0,RGB8,daA2500-14uc,40031417,2026-09-18T16:09:34
e4000g18.bmp,4000,18,4000.0,18.06179973983887,1.0,RGB8,daA2500-14uc,40031417,2026-09-18T16:09:34
e5000g18.bmp,5000,18,5000.0,18.06179973983887,1.0,RGB8,daA2500-14uc,40031417,2026-09-18T16:09:34
e6000g18.bmp,6000,18,6000.0,18.06179973983887,1.0,RGB8,daA2500-14uc,40031417,2026-09-18T16:09:35
e7000g18.bmp,7000,18,7000.0,18.06179973983887,1.0,RGB8,daA2500-14uc,40031417,2026-09-18T16:09:35
e8000g18.bmp,8000,18,8000.0,18.06179973983887,1.0,RGB8,daA2500-14uc,40031417,2026-09-18T16:09:35
e9000g18.bmp,9000,18,9000.0,18.06179973983887,1.0,RGB8,daA2500-14uc,40031417,2026-09-18T16:09:35
e10000g18.bmp,10000,18,10000.0,18.06179973983887,1.0,RGB8,daA2500-14uc,40031417,2026-09-18T16:09:36
e20000g18.bmp,20000,18,20000.0,18.06179973983887,1.0,RGB8,daA2500-14uc,40031417,2026-09-18T16:09:36
e30000g18.bmp,30000,18,30000.0,18.06179973983887,1.0,RGB8,daA2500-14uc,40031417,2026-09-18T16:09:36
e40000g18.bmp,40000,18,40000.0,18.06179973983887,1.0,RGB8,daA2500-14uc,40031417,2026-09-18T16:09:36
e50000g18.bmp,50000,18,50000.0,18.06179973983887,1.0,RGB8,daA2500-14uc,40031417,2026-09-18T16:09:37
e60000g18.bmp,60000,18,60000.0,18.06179973983887,1.0,RGB8,daA2500-14uc,40031417,2026-09-18T16:09:37
e70000g18.bmp,70000,18,70000.0,18.06179973983887,1.0,RGB8,daA2500-14uc,40031417,2026-09-18T16:09:38
e80000g18.bmp,80000,18,80000.0,18.06179973983887,1.0,RGB8,daA2500-14uc,40031417,2026-09-18T16:09:38
e90000g18.bmp,90000,18,90000.0,18.06179973983887,1.0,RGB8,daA2500-14uc,40031417,2026-09-18T16:09:38
e100000g18.bmp,100000,18,100000.0,18.06179973983887,1.0,RGB8,daA2500-14uc,40031417,2026-09-18T16:09:38
e200000g18.bmp,200000,18,200000.0,18.06179973983887,1.0,RGB8,daA2500-14uc,40031417,2026-09-18T16:09:39
e300000g18.bmp,300000,18,300000.0,18.06179973983887,1.0,RGB8,daA2500-14uc,40031417,2026-09-18T16:09:39
e400000g18.bmp,400000,18,400000.0,18.06179973983887,1.0,RGB8,daA2500-14uc,40031417,2026-09-18T16:09:40
e500000g18.bmp,500000,18,500000.0,18.06179973983887,1.0,RGB8,daA2500-14uc,40031417,2026-09-18T16:09:41
e600000g18.bmp,600000,18,600000.0,18.06179973983887,1.0,RGB8,daA2500-14uc,40031417,2026-09-18T16:09:42
e700000g18.bmp,700000,18,700000.0,18.06179973983887,1.0,RGB8,daA2500-14uc,40031417,2026-09-18T16:09:43
e800000g18.bmp,800000,18,800000.0,18.06179973983887,1.0,RGB8,daA2500-14uc,40031417,2026-09-18T16:09:44
e900000g18.bmp,900000,18,900000.0,18.06179973983887,1.0,RGB8,daA2500-14uc,40031417,2026-09-18T16:09:46
e990000g18.bmp,990000,18,990000.0,18.06179973983887,1.0,RGB8,daA2500-14uc,40031417,2026-09-18T16:09:48
e10g19.bmp,10,19,10.0,18.963367234542634,1.0,RGB8,daA2500-14uc,40031417,2026-09-18T16:09:49
e1000g19.bmp,1000,19,1000.0,18.963367234542634,1.0,RGB8,daA2500-14uc,40031417,2026-09-18T16:09:50
e2000g19.bmp,2000,19,2000.0,18.963367234542634,1.0,RGB8,daA2500-14uc,40031417,2026-09-18T16:09:50
e3000g19.bmp,3000,19,3000.0,18.963367234542634,1.0,RGB8,daA2500-14uc,40031417,2026-09-18T16:09:50
e4000g19.bmp,4000,19,4000.0,18.963367234542634,1.0,RGB8,daA2500-14uc,40031417,2026-09-18T16:09:51
e5000g19.bmp,5000,19,5000.0,18.963367234542634,1.0,RGB8,daA2500-14uc,40031417,2026-09-18T16:09:51
e6000g19.bmp,6000,19,6000.0,18.963367234542634,1.0,RGB8,daA2500-14uc,40031417,2026-09-18T16:09:51
e7000g19.bmp,7000,19,7000.0,18.963367234542634,1.0,RGB8,daA2500-14uc,40031417,2026-09-18T16:09:52
e8000g19.bmp,8000,19,8000.0,18.963367234542634,1.0,RGB8,daA2500-14uc,40031417,2026-09-18T16:09:52
e9000g19.bmp,9000,19,9000.0,18.963367234542634,1.0,RGB8,daA2500-14uc,40031417,2026-09-18T16:09:52
e10000g19.bmp,10000,19,10000.0,18.963367234542634,1.0,RGB8,daA2500-14uc,40031417,2026-09-18T16:09:52
e20000g19.bmp,20000,19,20000.0,18.963367234542634,1.0,RGB8,daA2500-14uc,40031417,2026-09-18T16:09:53
e30000g19.bmp,30000,19,30000.0,18.963367234542634,1.0,RGB8,daA2500-14uc,40031417,2026-09-18T16:09:53
e40000g19.bmp,40000,19,40000.0,18.963367234542634,1.0,RGB8,daA2500-14uc,40031417,2026-09-18T16:09:53
e50000g19.bmp,50000,19,50000.0,18.963367234542634,1.0,RGB8,daA2500-14uc,40031417,2026-09-18T16:09:54
e60000g19.bmp,60000,19,60000.0,18.963367234542634,1.0,RGB8,daA2500-14uc,40031417,2026-09-18T16:09:54
e70000g19.bmp,70000,19,70000.0,18.963367234542634,1.0,RGB8,daA2500-14uc,40031417,2026-09-18T16:09:54
e80000g19.bmp,80000,19,80000.0,18.963367234542634,1.0,RGB8,daA2500-14uc,40031417,2026-09-18T16:09:55
e90000g19.bmp,90000,19,90000.0,18.963367234542634,1.0,RGB8,daA2500-14uc,40031417,2026-09-18T16:09:55
e100000g19.bmp,100000,19,100000.0,18.963367234542634,1.0,RGB8,daA2500-14uc,40031417,2026-09-18T16:09:55
e200000g19.bmp,200000,19,200000.0,18.963367234542634,1.0,RGB8,daA2500-14uc,40031417,2026-09-18T16:09:56
e300000g19.bmp,300000,19,300000.0,18.963367234542634,1.0,RGB8,daA2500-14uc,40031417,2026-09-18T16:09:56
e400000g19.bmp,400000,19,400000.0,18.963367234542634,1.0,RGB8,daA2500-14uc,40031417,2026-09-18T16:09:57
e500000g19.bmp,500000,19,500000.0,18.963367234542634,1.0,RGB8,daA2500-14uc,40031417,2026-09-18T16:09:58
e600000g19.bmp,600000,19,600000.0,18.963367234542634,1.0,RGB8,daA2500-14uc,40031417,2026-09-18T16:09:59
e700000g19.bmp,700000,19,700000.0,18.963367234542634,1.0,RGB8,daA2500-14uc,40031417,2026-09-18T16:10:00
e800000g19.bmp,800000,19,800000.0,18.963367234542634,1.0,RGB8,daA2500-14uc,40031417,2026-09-18T16:10:01
e900000g19.bmp,900000,19,900000.0,18.963367234542634,1.0,RGB8,daA2500-14uc,40031417,2026-09-18T16:10:03
e990000g19.bmp,990000,19,990000.0,18.963367234542634,1.0,RGB8,daA2500-14uc,40031417,2026-09-18T16:10:05
e10g20.bmp,10,20,10.0,20.0,1.0,RGB8,daA2500-14uc,40031417,2026-09-18T16:10:06
e1000g20.bmp,1000,20,1000.0,20.0,1.0,RGB8,daA2500-14uc,40031417,2026-09-18T16:10:07
e2000g20.bmp,2000,20,2000.0,20.0,1.0,RGB8,daA2500-14uc,40031417,2026-09-18T16:10:07
e3000g20.bmp,3000,20,3000.0,20.0,1.0,RGB8,daA2500-14uc,40031417,2026-09-18T16:10:07
e4000g20.bmp,4000,20,4000.0,20.0,1.0,RGB8,daA2500-14uc,40031417,2026-09-18T16:10:08
e5000g20.bmp,5000,20,5000.0,20.0,1.0,RGB8,daA2500-14uc,40031417,2026-09-18T16:10:08
e6000g20.bmp,6000,20,6000.0,20.0,1.0,RGB8,daA2500-14uc,40031417,2026-09-18T16:10:08
e7000g20.bmp,7000,20,7000.0,20.0,1.0,RGB8,daA2500-14uc,40031417,2026-09-18T16:10:08
e8000g20.bmp,8000,20,8000.0,20.0,1.0,RGB8,daA2500-14uc,40031417,2026-09-18T16:10:09
e9000g20.bmp,9000,20,9000.0,20.0,1.0,RGB8,daA2500-14uc,40031417,2026-09-18T16:10:09
e10000g20.bmp,10000,20,10000.0,20.0,1.0,RGB8,daA2500-14uc,40031417,2026-09-18T16:10:09
e20000g20.bmp,20000,20,20000.0,20.0,1.0,RGB8,daA2500-14uc,40031417,2026-09-18T16:10:09
e30000g20.bmp,30000,20,30000.0,20.0,1.0,RGB8,daA2500-14uc,40031417,2026-09-18T16:10:10
e40000g20.bmp,40000,20,40000.0,20.0,1.0,RGB8,daA2500-14uc,40031417,2026-09-18T16:10:10
e50000g20.bmp,50000,20,50000.0,20.0,1.0,RGB8,daA2500-14uc,40031417,2026-09-18T16:10:11
e60000g20.bmp,60000,20,60000.0,20.0,1.0,RGB8,daA2500-14uc,40031417,2026-09-18T16:10:11
e70000g20.bmp,70000,20,70000.0,20.0,1.0,RGB8,daA2500-14uc,40031417,2026-09-18T16:10:11
e80000g20.bmp,80000,20,80000.0,20.0,1.0,RGB8,daA2500-14uc,40031417,2026-09-18T16:10:12
e90000g20.bmp,90000,20,90000.0,20.0,1.0,RGB8,daA2500-14uc,40031417,2026-09-18T16:10:12
e100000g20.bmp,100000,20,100000.0,20.0,1.0,RGB8,daA2500-14uc,40031417,2026-09-18T16:10:12
e200000g20.bmp,200000,20,200000.0,20.0,1.0,RGB8,daA2500-14uc,40031417,2026-09-18T16:10:13
e300000g20.bmp,300000,20,300000.0,20.0,1.0,RGB8,daA2500-14uc,40031417,2026-09-18T16:10:13
e400000g20.bmp,400000,20,400000.0,20.0,1.0,RGB8,daA2500-14uc,40031417,2026-09-18T16:10:14
e500000g20.bmp,500000,20,500000.0,20.0,1.0,RGB8,daA2500-14uc,40031417,2026-09-18T16:10:15
e600000g20.bmp,600000,20,600000.0,20.0,1.0,RGB8,daA2500-14uc,40031417,2026-09-18T16:10:16
e700000g20.bmp,700000,20,700000.0,20.0,1.0,RGB8,daA2500-14uc,40031417,2026-09-18T16:10:17
e800000g20.bmp,800000,20,800000.0,20.0,1.0,RGB8,daA2500-14uc,40031417,2026-09-18T16:10:18
e900000g20.bmp,900000,20,900000.0,20.0,1.0,RGB8,daA2500-14uc,40031417,2026-09-18T16:10:20
e990000g20.bmp,990000,20,990000.0,20.0,1.0,RGB8,daA2500-14uc,40031417,2026-09-18T16:10:22
e10g21.bmp,10,21,10.0,21.023050448947625,1.0,RGB8,daA2500-14uc,40031417,2026-09-18T16:10:23
e1000g21.bmp,1000,21,1000.0,21.023050448947625,1.0,RGB8,daA2500-14uc,40031417,2026-09-18T16:10:24
e2000g21.bmp,2000,21,2000.0,21.023050448947625,1.0,RGB8,daA2500-14uc,40031417,2026-09-18T16:10:24
e3000g21.bmp,3000,21,3000.0,21.023050448947625,1.0,RGB8,daA2500-14uc,40031417,2026-09-18T16:10:24
e4000g21.bmp,4000,21,4000.0,21.023050448947625,1.0,RGB8,daA2500-14uc,40031417,2026-09-18T16:10:24
e5000g21.bmp,5000,21,5000.0,21.023050448947625,1.0,RGB8,daA2500-14uc,40031417,2026-09-18T16:10:25
e6000g21.bmp,6000,21,6000.0,21.023050448947625,1.0,RGB8,daA2500-14uc,40031417,2026-09-18T16:10:25
e7000g21.bmp,7000,21,7000.0,21.023050448947625,1.0,RGB8,daA2500-14uc,40031417,2026-09-18T16:10:25
e8000g21.bmp,8000,21,8000.0,21.023050448947625,1.0,RGB8,daA2500-14uc,40031417,2026-09-18T16:10:25
e9000g21.bmp,9000,21,9000.0,21.023050448947625,1.0,RGB8,daA2500-14uc,40031417,2026-09-18T16:10:26
e10000g21.bmp,10000,21,10000.0,21.023050448947625,1.0,RGB8,daA2500-14uc,40031417,2026-09-18T16:10:26
e20000g21.bmp,20000,21,20000.0,21.023050448947625,1.0,RGB8,daA2500-14uc,40031417,2026-09-18T16:10:26
e30000g21.bmp,30000,21,30000.0,21.023050448947625,1.0,RGB8,daA2500-14uc,40031417,2026-09-18T16:10:26
e40000g21.bmp,40000,21,40000.0,21.023050448947625,1.0,RGB8,daA2500-14uc,40031417,2026-09-18T16:10:27
e50000g21.bmp,50000,21,50000.0,21.023050448947625,1.0,RGB8,daA2500-14uc,40031417,2026-09-18T16:10:27
e60000g21.bmp,60000,21,60000.0,21.023050448947625,1.0,RGB8,daA2500-14uc,40031417,2026-09-18T16:10:28
e70000g21.bmp,70000,21,70000.0,21.023050448947625,1.0,RGB8,daA2500-14uc,40031417,2026-09-18T16:10:28
e80000g21.bmp,80000,21,80000.0,21.023050448947625,1.0,RGB8,daA2500-14uc,40031417,2026-09-18T16:10:28
e90000g21.bmp,90000,21,90000.0,21.023050448947625,1.0,RGB8,daA2500-14uc,40031417,2026-09-18T16:10:29
e100000g21.bmp,100000,21,100000.0,21.023050448947625,1.0,RGB8,daA2500-14uc,40031417,2026-09-18T16:10:29
e200000g21.bmp,200000,21,200000.0,21.023050448947625,1.0,RGB8,daA2500-14uc,40031417,2026-09-18T16:10:29
e300000g21.bmp,300000,21,300000.0,21.023050448947625,1.0,RGB8,daA2500-14uc,40031417,2026-09-18T16:10:30
e400000g21.bmp,400000,21,400000.0,21.023050448947625,1.0,RGB8,daA2500-14uc,40031417,2026-09-18T16:10:30
e500000g21.bmp,500000,21,500000.0,21.023050448947625,1.0,RGB8,daA2500-14uc,40031417,2026-09-18T16:10:31
e600000g21.bmp,600000,21,600000.0,21.023050448947625,1.0,RGB8,daA2500-14uc,40031417,2026-09-18T16:10:32
e700000g21.bmp,700000,21,700000.0,21.023050448947625,1.0,RGB8,daA2500-14uc,40031417,2026-09-18T16:10:33
e800000g21.bmp,800000,21,800000.0,21.023050448947625,1.0,RGB8,daA2500-14uc,40031417,2026-09-18T16:10:35
e900000g21.bmp,900000,21,900000.0,21.023050448947625,1.0,RGB8,daA2500-14uc,40031417,2026-09-18T16:10:36
e990000g21.bmp,990000,21,990000.0,21.023050448947625,1.0,RGB8,daA2500-14uc,40031417,2026-09-18T16:10:38
e10g22.bmp,10,22,10.0,22.024627735813983,1.0,RGB8,daA2500-14uc,40031417,2026-09-18T16:10:39
e1000g22.bmp,1000,22,1000.0,22.024627735813983,1.0,RGB8,daA2500-14uc,40031417,2026-09-18T16:10:40
e2000g22.bmp,2000,22,2000.0,22.024627735813983,1.0,RGB8,daA2500-14uc,40031417,2026-09-18T16:10:40
e3000g22.bmp,3000,22,3000.0,22.024627735813983,1.0,RGB8,daA2500-14uc,40031417,2026-09-18T16:10:41
e4000g22.bmp,4000,22,4000.0,22.024627735813983,1.0,RGB8,daA2500-14uc,40031417,2026-09-18T16:10:41
e5000g22.bmp,5000,22,5000.0,22.024627735813983,1.0,RGB8,daA2500-14uc,40031417,2026-09-18T16:10:41
e6000g22.bmp,6000,22,6000.0,22.024627735813983,1.0,RGB8,daA2500-14uc,40031417,2026-09-18T16:10:42
e7000g22.bmp,7000,22,7000.0,22.024627735813983,1.0,RGB8,daA2500-14uc,40031417,2026-09-18T16:10:42
e8000g22.bmp,8000,22,8000.0,22.024627735813983,1.0,RGB8,daA2500-14uc,40031417,2026-09-18T16:10:42
e9000g22.bmp,9000,22,9000.0,22.024627735813983,1.0,RGB8,daA2500-14uc,40031417,2026-09-18T16:10:42
e10000g22.bmp,10000,22,10000.0,22.024627735813983,1.0,RGB8,daA2500-14uc,40031417,2026-09-18T16:10:43
e20000g22.bmp,20000,22,20000.0,22.024627735813983,1.0,RGB8,daA2500-14uc,40031417,2026-09-18T16:10:43
e30000g22.bmp,30000,22,30000.0,22.024627735813983,1.0,RGB8,daA2500-14uc,40031417,2026-09-18T16:10:43
e40000g22.bmp,40000,22,40000.0,22.024627735813983,1.0,RGB8,daA2500-14uc,40031417,2026-09-18T16:10:44
e50000g22.bmp,50000,22,50000.0,22.024627735813983,1.0,RGB8,daA2500-14uc,40031417,2026-09-18T16:10:44
e60000g22.bmp,60000,22,60000.0,22.024627735813983,1.0,RGB8,daA2500-14uc,40031417,2026-09-18T16:10:44
e70000g22.bmp,70000,22,70000.0,22.024627735813983,1.0,RGB8,daA2500-14uc,40031417,2026-09-18T16:10:45
e80000g22.bmp,80000,22,80000.0,22.024627735813983,1.0,RGB8,daA2500-14uc,40031417,2026-09-18T16:10:45
e90000g22.bmp,90000,22,90000.0,22.024627735813983,1.0,RGB8,daA2500-14uc,40031417,2026-09-18T16:10:45
e100000g22.bmp,100000,22,100000.0,22.024627735813983,1.0,RGB8,daA2500-14uc,40031417,2026-09-18T16:10:46
e200000g22.bmp,200000,22,200000.0,22.024627735813983,1.0,RGB8,daA2500-14uc,40031417,2026-09-18T16:10:46
e300000g22.bmp,300000,22,300000.0,22.024627735813983,1.0,RGB8,daA2500-14uc,40031417,2026-09-18T16:10:47
e400000g22.bmp,400000,22,400000.0,22.024627735813983,1.0,RGB8,daA2500-14uc,40031417,2026-09-18T16:10:47
e500000g22.bmp,500000,22,500000.0,22.024627735813983,1.0,RGB8,daA2500-14uc,40031417,2026-09-18T16:10:48
e600000g22.bmp,600000,22,600000.0,22.024627735813983,1.0,RGB8,daA2500-14uc,40031417,2026-09-18T16:10:49
e700000g22.bmp,700000,22,700000.0,22.024627735813983,1.0,RGB8,daA2500-14uc,40031417,2026-09-18T16:10:50
e800000g22.bmp,800000,22,800000.0,22.024627735813983,1.0,RGB8,daA2500-14uc,40031417,2026-09-18T16:10:52
e900000g22.bmp,900000,22,900000.0,22.024627735813983,1.0,RGB8,daA2500-14uc,40031417,2026-09-18T16:10:53
e990000g22.bmp,990000,22,990000.0,22.024627735813983,1.0,RGB8,daA2500-14uc,40031417,2026-09-18T16:10:55
e10g23.bmp,10,23,10.0,22.999769129829524,1.0,RGB8,daA2500-14uc,40031417,2026-09-18T16:10:56
e1000g23.bmp,1000,23,1000.0,22.999769129829524,1.0,RGB8,daA2500-14uc,40031417,2026-09-18T16:10:57
e2000g23.bmp,2000,23,2000.0,22.999769129829524,1.0,RGB8,daA2500-14uc,40031417,2026-09-18T16:10:57
e3000g23.bmp,3000,23,3000.0,22.999769129829524,1.0,RGB8,daA2500-14uc,40031417,2026-09-18T16:10:57
e4000g23.bmp,4000,23,4000.0,22.999769129829524,1.0,RGB8,daA2500-14uc,40031417,2026-09-18T16:10:58
e5000g23.bmp,5000,23,5000.0,22.999769129829524,1.0,RGB8,daA2500-14uc,40031417,2026-09-18T16:10:58
e6000g23.bmp,6000,23,6000.0,22.999769129829524,1.0,RGB8,daA2500-14uc,40031417,2026-09-18T16:10:58
e7000g23.bmp,7000,23,7000.0,22.999769129829524,1.0,RGB8,daA2500-14uc,40031417,2026-09-18T16:10:58
e8000g23.bmp,8000,23,8000.0,22.999769129829524,1.0,RGB8,daA2500-14uc,40031417,2026-09-18T16:10:59
e9000g23.bmp,9000,23,9000.0,22.999769129829524,1.0,RGB8,daA2500-14uc,40031417,2026-09-18T16:10:59
e10000g23.bmp,10000,23,10000.0,22.999769129829524,1.0,RGB8,daA2500-14uc,40031417,2026-09-18T16:10:59
e20000g23.bmp,20000,23,20000.0,22.999769129829524,1.0,RGB8,daA2500-14uc,40031417,2026-09-18T16:11:00
e30000g23.bmp,30000,23,30000.0,22.999769129829524,1.0,RGB8,daA2500-14uc,40031417,2026-09-18T16:11:00
e40000g23.bmp,40000,23,40000.0,22.999769129829524,1.0,RGB8,daA2500-14uc,40031417,2026-09-18T16:11:00
e50000g23.bmp,50000,23,50000.0,22.999769129829524,1.0,RGB8,daA2500-14uc,40031417,2026-09-18T16:11:01
e60000g23.bmp,60000,23,60000.0,22.999769129829524,1.0,RGB8,daA2500-14uc,40031417,2026-09-18T16:11:01
e70000g23.bmp,70000,23,70000.0,22.999769129829524,1.0,RGB8,daA2500-14uc,40031417,2026-09-18T16:11:01
e80000g23.bmp,80000,23,80000.0,22.999769129829524,1.0,RGB8,daA2500-14uc,40031417,2026-09-18T16:11:02
e90000g23.bmp,90000,23,90000.0,22.999769129829524,1.0,RGB8,daA2500-14uc,40031417,2026-09-18T16:11:02
e100000g23.bmp,100000,23,100000.0,22.999769129829524,1.0,RGB8,daA2500-14uc,40031417,2026-09-18T16:11:02
e200000g23.bmp,200000,23,200000.0,22.999769129829524,1.0,RGB8,daA2500-14uc,40031417,2026-09-18T16:11:03
e300000g23.bmp,300000,23,300000.0,22.999769129829524,1.0,RGB8,daA2500-14uc,40031417,2026-09-18T16:11:03
e400000g23.bmp,400000,23,400000.0,22.999769129829524,1.0,RGB8,daA2500-14uc,40031417,2026-09-18T16:11:04
e500000g23.bmp,500000,23,500000.0,22.999769129829524,1.0,RGB8,daA2500-14uc,40031417,2026-09-18T16:11:05
e600000g23.bmp,600000,23,600000.0,22.999769129829524,1.0,RGB8,daA2500-14uc,40031417,2026-09-18T16:11:06
e700000g23.bmp,700000,23,700000.0,22.999769129829524,1.0,RGB8,daA2500-14uc,40031417,2026-09-18T16:11:07
e800000g23.bmp,800000,23,800000.0,22.999769129829524,1.0,RGB8,daA2500-14uc,40031417,2026-09-18T16:11:08
e900000g23.bmp,900000,23,900000.0,22.999769129829524,1.0,RGB8,daA2500-14uc,40031417,2026-09-18T16:11:10
e990000g23.bmp,990000,23,990000.0,22.999769129829524,1.0,RGB8,daA2500-14uc,40031417,2026-09-18T16:11:12
e10g24.bmp,10,24,10.0,24.014274679280266,1.0,RGB8,daA2500-14uc,40031417,2026-09-18T16:11:13
e1000g24.bmp,1000,24,1000.0,24.014274679280266,1.0,RGB8,daA2500-14uc,40031417,2026-09-18T16:11:14
e2000g24.bmp,2000,24,2000.0,24.014274679280266,1.0,RGB8,daA2500-14uc,40031417,2026-09-18T16:11:14
e3000g24.bmp,3000,24,3000.0,24.014274679280266,1.0,RGB8,daA2500-14uc,40031417,2026-09-18T16:11:14
e4000g24.bmp,4000,24,4000.0,24.014274679280266,1.0,RGB8,daA2500-14uc,40031417,2026-09-18T16:11:15
e5000g24.bmp,5000,24,5000.0,24.014274679280266,1.0,RGB8,daA2500-14uc,40031417,2026-09-18T16:11:15
e6000g24.bmp,6000,24,6000.0,24.014274679280266,1.0,RGB8,daA2500-14uc,40031417,2026-09-18T16:11:15
e7000g24.bmp,7000,24,7000.0,24.014274679280266,1.0,RGB8,daA2500-14uc,40031417,2026-09-18T16:11:15
e8000g24.bmp,8000,24,8000.0,24.014274679280266,1.0,RGB8,daA2500-14uc,40031417,2026-09-18T16:11:16
e9000g24.bmp,9000,24,9000.0,24.014274679280266,1.0,RGB8,daA2500-14uc,40031417,2026-09-18T16:11:16
e10000g24.bmp,10000,24,10000.0,24.014274679280266,1.0,RGB8,daA2500-14uc,40031417,2026-09-18T16:11:16
e20000g24.bmp,20000,24,20000.0,24.014274679280266,1.0,RGB8,daA2500-14uc,40031417,2026-09-18T16:11:17
e30000g24.bmp,30000,24,30000.0,24.014274679280266,1.0,RGB8,daA2500-14uc,40031417,2026-09-18T16:11:17
e40000g24.bmp,40000,24,40000.0,24.014274679280266,1.0,RGB8,daA2500-14uc,40031417,2026-09-18T16:11:17
e50000g24.bmp,50000,24,50000.0,24.014274679280266,1.0,RGB8,daA2500-14uc,40031417,2026-09-18T16:11:18
e60000g24.bmp,60000,24,60000.0,24.014274679280266,1.0,RGB8,daA2500-14uc,40031417,2026-09-18T16:11:18
e70000g24.bmp,70000,24,70000.0,24.014274679280266,1.0,RGB8,daA2500-14uc,40031417,2026-09-18T16:11:18
e80000g24.bmp,80000,24,80000.0,24.014274679280266,1.0,RGB8,daA2500-14uc,40031417,2026-09-18T16:11:19
e90000g24.bmp,90000,24,90000.0,24.014274679280266,1.0,RGB8,daA2500-14uc,40031417,2026-09-18T16:11:19
e100000g24.bmp,100000,24,100000.0,24.014274679280266,1.0,RGB8,daA2500-14uc,40031417,2026-09-18T16:11:19
e200000g24.bmp,200000,24,200000.0,24.014274679280266,1.0,RGB8,daA2500-14uc,40031417,2026-09-18T16:11:20
e300000g24.bmp,300000,24,300000.0,24.014274679280266,1.0,RGB8,daA2500-14uc,40031417,2026-09-18T16:11:20
e400000g24.bmp,400000,24,400000.0,24.014274679280266,1.0,RGB8,daA2500-14uc,40031417,2026-09-18T16:11:21
e500000g24.bmp,500000,24,500000.0,24.014274679280266,1.0,RGB8,daA2500-14uc,40031417,2026-09-18T16:11:22
e600000g24.bmp,600000,24,600000.0,24.014274679280266,1.0,RGB8,daA2500-14uc,40031417,2026-09-18T16:11:23
e700000g24.bmp,700000,24,700000.0,24.014274679280266,1.0,RGB8,daA2500-14uc,40031417,2026-09-18T16:11:24
e800000g24.bmp,800000,24,800000.0,24.014274679280266,1.0,RGB8,daA2500-14uc,40031417,2026-09-18T16:11:25
e900000g24.bmp,900000,24,900000.0,24.014274679280266,1.0,RGB8,daA2500-14uc,40031417,2026-09-18T16:11:27
e990000g24.bmp,990000,24,990000.0,24.014274679280266,1.0,RGB8,daA2500-14uc,40031417,2026-09-18T16:11:29
