filename,split,actual_exposure_us,actual_gain_db,noise_std_gray,predicted_noise_std_gray,prediction_minus_observed,absolute_error,squared_error
e1000g1.bmp,train,1000.0,1.0230504489476258,0.3713958564024387,0.511117994326522,0.13972213792408333,0.13972213792408333,0.019522275826076567
e2000g1.bmp,train,2000.0,1.0230504489476258,0.404754256734909,0.5468860914019565,0.14213183466704754,0.14213183466704754,0.020201458425820936
e3000g1.bmp,train,3000.0,1.0230504489476258,0.4776855279277634,0.5813158289878834,0.10363030106011994,0.10363030106011994,0.010739239297811096
e4000g1.bmp,validation,4000.0,1.0230504489476258,0.5548844923810774,0.6144072070843027,0.05952271470322534,0.05952271470322534,0.0035429535656415585
e5000g1.bmp,train,5000.0,1.0230504489476258,0.6325772545453753,0.6461602256912146,0.013582971145839284,0.013582971145839284,0.00018449710514870256
e6000g1.bmp,train,6000.0,1.0230504489476258,0.6775110566302711,0.6765748848086188,-0.0009361718216522874,0.0009361718216522874,8.764176796557622e-07
e7000g1.bmp,train,7000.0,1.0230504489476258,0.7550765736665856,0.7056511844365155,-0.049425389230070116,0.049425389230070116,0.002442869100543931
e8000g1.bmp,validation,8000.0,1.0230504489476258,0.8315307388455839,0.7333891245749047,-0.09814161427067924,0.09814161427067924,0.009631776451654792
e9000g1.bmp,train,9000.0,1.0230504489476258,0.83896607599777,0.7597887052237864,-0.07917737077398357,0.07917737077398357,0.006269056042680868
e10000g1.bmp,train,10000.0,1.0230504489476258,0.8434643259107187,0.7848499263831605,-0.0586143995275582,0.0586143995275582,0.0034356478319762154
e20000g1.bmp,train,20000.0,1.0230504489476258,0.896930744028256,0.9618523660539878,0.06492162202573182,0.06492162202573182,0.0042148170064519866
e30000g1.bmp,train,30000.0,1.0230504489476258,0.9913875908398073,1.0050188567740619,0.013631265934254566,0.013631265934254566,0.000185811410970369
e40000g1.bmp,train,40000.0,1.0230504489476258,1.044038732412994,0.9143493985433827,-0.12968933386961135,0.12968933386961135,0.01681932331954352
e50000g1.bmp,train,50000.0,1.0230504489476258,1.0792785248018981,0.6898439913619503,-0.3894345334399478,0.3894345334399478,0.15165925583558984
e1000g2.bmp,train,1000.0,1.9382002601611283,0.3989394552047941,0.5281763112820923,0.12923685607729818,0.12923685607729818,0.016702164968744285
e2000g2.bmp,train,2000.0,1.9382002601611283,0.4751777902973757,0.5681038826969966,0.09292609239962091,0.09292609239962091,0.008635258648662882
e3000g2.bmp,train,3000.0,1.9382002601611283,0.5402237611277712,0.6066930946223932,0.06646933349462203,0.06646933349462203,0.004418172295219282
e4000g2.bmp,train,4000.0,1.9382002601611283,0.6273600773280926,0.6439439470582825,0.016583869730189882,0.016583869730189882,0.00027502473522790825
e5000g2.bmp,train,5000.0,1.9382002601611283,0.7213881959185041,0.6798564400046642,-0.04153175591383995,0.04153175591383995,0.0017248867492867799
e6000g2.bmp,train,6000.0,1.9382002601611283,0.735886746964959,0.7144305734615382,-0.021456173503420883,0.021456173503420883,0.0004603673814089004
e7000g2.bmp,train,7000.0,1.9382002601611283,0.8165331568462636,0.7476663474289048,-0.06886680941735879,0.06886680941735879,0.004742637439326817
e8000g2.bmp,train,8000.0,1.9382002601611283,0.8675868724762338,0.7795637619067639,-0.08802311056946988,0.08802311056946988,0.00774806799432512
e9000g2.bmp,train,9000.0,1.9382002601611283,0.8396877777579927,0.8101228168951153,-0.02956496086287741,0.02956496086287741,0.0008740869108234729
e10000g2.bmp,train,10000.0,1.9382002601611283,0.9142189472472436,0.8393435123939594,-0.07487543485328418,0.07487543485328418,0.005606330744468404
e20000g2.bmp,train,20000.0,1.9382002601611283,0.9770221845919685,1.0579406954594852,0.08091851086751667,0.08091851086751667,0.006547805401016413
e30000g2.bmp,train,30000.0,1.9382002601611283,1.0476862197340573,1.1427019295742575,0.09501570984020025,0.09501570984020025,0.009027985116437126
e40000g2.bmp,validation,40000.0,1.9382002601611283,1.0797767295779666,1.093627214738277,0.01385048516031051,0.01385048516031051,0.00019183593917598168
e50000g2.bmp,train,50000.0,1.9382002601611283,1.1016706003223242,0.9107165509515429,-0.1909540493707813,0.1909540493707813,0.03646344897109879
e1000g3.bmp,train,1000.0,2.7660539633256294,0.3663048192036149,0.5446925171985647,0.1783876979949498,0.1783876979949498,0.03182217079593742
e2000g3.bmp,train,2000.0,2.7660539633256294,0.441175564970738,0.5883827908431529,0.14720722587241492,0.14720722587241492,0.021669967349052185
e3000g3.bmp,train,3000.0,2.7660539633256294,0.5305170344869731,0.6307347049982335,0.1002176705112604,0.1002176705112604,0.010043581482703554
e4000g3.bmp,train,4000.0,2.7660539633256294,0.6232214827478613,0.6717482596638066,0.04852677691594531,0.04852677691594531,0.002354848077849923
e5000g3.bmp,train,5000.0,2.7660539633256294,0.7098233723636924,0.7114234548398721,0.0016000824761797094,0.0016000824761797094,2.5602639305773903e-06
e6000g3.bmp,train,6000.0,2.7660539633256294,0.7939187154895639,0.7497602905264301,-0.044158424963133824,0.044158424963133824,0.0019499664952247204
e7000g3.bmp,train,7000.0,2.7660539633256294,0.8880405167600312,0.7867587667234806,-0.1012817500365506,0.1012817500365506,0.010257992890466318
e8000g3.bmp,train,8000.0,2.7660539633256294,0.965075577504476,0.8224188834310235,-0.1426566940734525,0.1426566940734525,0.020350932363966616
e9000g3.bmp,train,9000.0,2.7660539633256294,0.975132591298634,0.8567406406490589,-0.1183919506495752,0.1183919506495752,0.01401665397861145
e10000g3.bmp,train,10000.0,2.7660539633256294,1.0080393627765258,0.8897240383775868,-0.11831532439893899,0.11831532439893899,0.013998515987626168
e20000g3.bmp,validation,20000.0,2.7660539633256294,1.0576516894332926,1.1459482437399513,0.08829655430665873,0.08829655430665873,0.0077962815024287336
e30000g3.bmp,train,30000.0,2.7660539633256294,1.1049618409600184,1.2683365001515627,0.16337465919154437,0.16337465919154437,0.02669127926595327
e40000g3.bmp,train,40000.0,2.7660539633256294,1.1357655283569064,1.256888807612421,0.12112327925551458,0.12112327925551458,0.01467084877760937
e10g4.bmp,train,10.0,4.217067306297864,0.49350564690564064,0.5250269083455461,0.03152126143990547,0.03152126143990547,0.0009935899227628713
e1000g4.bmp,train,1000.0,4.217067306297864,0.5140227073260393,0.5761277232822821,0.06210501595624285,0.06210501595624285,0.003857033006925179
e2000g4.bmp,train,2000.0,4.217067306297864,0.6480128027447433,0.6264130403748039,-0.021599762369939324,0.021599762369939324,0.0004665497344378468
e3000g4.bmp,train,3000.0,4.217067306297864,0.7000464241199884,0.6753599979778182,-0.024686426142170204,0.024686426142170204,0.0006094196356728244
e4000g4.bmp,train,4000.0,4.217067306297864,0.810204266020325,0.722968596091325,-0.087235669929,0.087235669929,0.007610062107961436
e5000g4.bmp,validation,5000.0,4.217067306297864,0.9099655337150262,0.7692388347153242,-0.14072669899970203,0.14072669899970203,0.019804003811352736
e6000g4.bmp,train,6000.0,4.217067306297864,1.0048146146646038,0.814170713849816,-0.19064390081478777,0.19064390081478777,0.036345096917878635
e7000g4.bmp,train,7000.0,4.217067306297864,1.0118103428712346,0.8577642334948001,-0.15404610937643448,0.15404610937643448,0.023730203814016415
e8000g4.bmp,train,8000.0,4.217067306297864,1.0493461845285863,0.9000193936502767,-0.14932679087830958,0.14932679087830958,0.0222984904740144
e9000g4.bmp,validation,9000.0,4.217067306297864,1.0597025133453428,0.9409361943162459,-0.11876631902909696,0.11876631902909696,0.014105438535721238
e10000g4.bmp,validation,10000.0,4.217067306297864,1.073580119518371,0.9805146354927075,-0.0930654840256635,0.0930654840256635,0.008661184316931029
e20000g4.bmp,train,20000.0,4.217067306297864,1.1428357136083533,1.302689275334409,0.1598535617260557,0.1598535617260557,0.025553161196505896
e30000g4.bmp,train,30000.0,4.217067306297864,1.1724104586511377,1.4910279662253576,0.3186175075742199,0.3186175075742199,0.10151711613280809
e40000g4.bmp,validation,40000.0,4.217067306297864,1.2080772040179524,1.5455307081655525,0.3374535041476001,0.3374535041476001,0.11387486746149436
e10g5.bmp,train,10.0,4.860760973725889,0.5070631263873794,0.5370896161235569,0.030026489736177497,0.030026489736177497,0.0009015900858767726
e1000g5.bmp,train,1000.0,4.860760973725889,0.4665943083729863,0.5910868453814736,0.12449253700848728,0.12449253700848728,0.015498391770809574
e2000g5.bmp,train,2000.0,4.860760973725889,0.5660880468695116,0.6442978335054912,0.07820978663597955,0.07820978663597955,0.006116770725645445
e3000g5.bmp,train,3000.0,4.860760973725889,0.6979921981523556,0.6961704621400012,-0.001821736012354358,0.001821736012354358,3.3187220987087578e-06
e4000g5.bmp,train,4000.0,4.860760973725889,0.8118819394837332,0.7467047312850037,-0.06517720819872952,0.06517720819872952,0.004248068468580534
e5000g5.bmp,train,5000.0,4.860760973725889,0.9189216465572246,0.7959006409404986,-0.12302100561672602,0.12302100561672602,0.015134167822950535
e6000g5.bmp,train,6000.0,4.860760973725889,0.9820879390551908,0.843758191106486,-0.13832974794870478,0.13832974794870478,0.019135119167552197
e7000g5.bmp,train,7000.0,4.860760973725889,1.0019510382011767,0.8902773817829659,-0.11167365641821081,0.11167365641821081,0.012471005537812597
e8000g5.bmp,train,8000.0,4.860760973725889,1.024978069780048,0.9354582129699383,-0.08951985681010965,0.08951985681010965,0.008013804763302535
e9000g5.bmp,train,9000.0,4.860760973725889,1.0386286882536635,0.979300684667403,-0.05932800358626045,0.05932800358626045,0.0035198120095313325
e10000g5.bmp,train,10000.0,4.860760973725889,1.0634541121152066,1.0218047968753605,-0.04164931523984605,0.04164931523984605,0.0017346654599480725
e20000g5.bmp,train,20000.0,4.860760973725889,1.138276542684213,1.373236147032019,0.23495960434780594,0.23495960434780594,0.055206015675277505
e30000g5.bmp,train,30000.0,4.860760973725889,1.1847509496813782,1.5908315482379245,0.4060805985565463,0.4060805985565463,0.16490145252404292
e10g6.bmp,train,10.0,6.020599913279624,0.5312927267959474,0.5603978089740852,0.029105082178137787,0.029105082178137787,0.0008471058085961538
e1000g6.bmp,train,1000.0,6.020599913279624,0.48880353807622867,0.6196139401488242,0.13081040207259553,0.13081040207259553,0.017111361290394107
e2000g6.bmp,validation,2000.0,6.020599913279624,0.6012632000136815,0.6780965463706422,0.07683334635696071,0.07683334635696071,0.005903363112408687
e3000g6.bmp,train,3000.0,6.020599913279624,0.7057760260979643,0.7352407931029526,0.029464767004988346,0.029464767004988346,0.0008681724946582499
e4000g6.bmp,train,4000.0,6.020599913279624,0.8268686518102755,0.7910466803457554,-0.03582197146452004,0.03582197146452004,0.0012832136396048882
e5000g6.bmp,train,5000.0,6.020599913279624,0.9534510297745072,0.8455142080990508,-0.10793682167545648,0.10793682167545648,0.011650357473399292
e6000g6.bmp,train,6000.0,6.020599913279624,1.003124380597203,0.8986433763628385,-0.10448100423436446,0.10448100423436446,0.010916280245821284
e7000g6.bmp,validation,7000.0,6.020599913279624,1.0418869070548364,0.9504341851371187,-0.0914527219177177,0.0914527219177177,0.008363600346159402
e8000g6.bmp,train,8000.0,6.020599913279624,1.0793415065537824,1.0008866344218914,-0.07845487213189095,0.07845487213189095,0.006155166961231359
e9000g6.bmp,train,9000.0,6.020599913279624,1.0870685139008027,1.0500007242171567,-0.03706778968364599,0.03706778968364599,0.0013740210320310122
e10000g6.bmp,train,10000.0,6.020599913279624,1.1103946668137277,1.0977764545229143,-0.012618212290813391,0.012618212290813391,0.00015921928141603413
e20000g6.bmp,validation,20000.0,6.020599913279624,1.1966137981806346,1.5019239856575766,0.30531018747694194,0.30531018747694194,0.09321431057720543
e30000g6.bmp,validation,30000.0,6.020599913279624,1.2454493915690756,1.772235567841486,0.5267861762724104,0.5267861762724104,0.27750367551170707
e10g7.bmp,train,10.0,7.0436503622272495,0.5465652564639186,0.5826364341757623,0.03607117771184365,0.03607117771184365,0.001301129861519406
e1000g7.bmp,train,1000.0,7.0436503622272495,0.507592985168281,0.6464559630869777,0.13886297791869673,0.13886297791869673,0.019282926636448455
e2000g7.bmp,train,2000.0,7.0436503622272495,0.6642015629686695,0.709588466012307,0.04538690304363746,0.04538690304363746,0.0020599709678925473
e3000g7.bmp,validation,3000.0,7.0436503622272495,0.8143139206570461,0.7713826094481288,-0.042931311208917355,0.042931311208917355,0.001843097482116913
e4000g7.bmp,train,4000.0,7.0436503622272495,0.9555570952709617,0.8318383933944431,-0.12371870187651857,0.12371870187651857,0.015306317194010878
e5000g7.bmp,train,5000.0,7.0436503622272495,1.0386694864268482,0.8909558178512498,-0.14771366857559842,0.14771366857559842,0.021819327884061733
e6000g7.bmp,train,6000.0,7.0436503622272495,1.0806659403743115,0.948734882818549,-0.1319310575557625,0.1319310575557625,0.01740580394778192
e7000g7.bmp,train,7000.0,7.0436503622272495,1.1173803074927124,1.0051755882963407,-0.11220471919637176,0.11220471919637176,0.012589899009936638
e8000g7.bmp,validation,8000.0,7.0436503622272495,1.137875481457695,1.0602779342846247,-0.07759754717307032,0.07759754717307032,0.006021379327276874
e9000g7.bmp,train,9000.0,7.0436503622272495,1.1554347875963942,1.1140419207834014,-0.04139286681299281,0.04139286681299281,0.0017133694229981618
e10000g7.bmp,train,10000.0,7.0436503622272495,1.1668435275507596,1.1664675477926705,-0.00037597975808911777,0.00037597975808911777,1.4136077849275152e-07
e20000g7.bmp,validation,20000.0,7.0436503622272495,1.258965377453716,1.617114045962447,0.35814866850873095,0.35814866850873095,0.12827046875457684
e10g8.bmp,train,10.0,7.958800173440752,0.5394018048621569,0.6038633945860604,0.06446158972390348,0.06446158972390348,0.004155296549732858
e1000g8.bmp,validation,1000.0,7.958800173440752,0.48012891314682365,0.6718008030933509,0.19167188994652723,0.19167188994652723,0.03673811339567365
e2000g8.bmp,validation,2000.0,7.958800173440752,0.6449807044745578,0.7390927803581502,0.09411207588359238,0.09411207588359238,0.00885708282711905
e3000g8.bmp,validation,3000.0,7.958800173440752,0.796839150441272,0.8050463981334417,0.008207247692169739,0.008207247692169739,6.735891468062551e-05
e4000g8.bmp,train,4000.0,7.958800173440752,0.9338820472110198,0.8696616564192259,-0.06422039079179387,0.06422039079179387,0.004124258593450723
e5000g8.bmp,train,5000.0,7.958800173440752,1.0132036780641902,0.9329385552155024,-0.08026512284868781,0.08026512284868781,0.006442489945914945
e6000g8.bmp,train,6000.0,7.958800173440752,1.1374495958297848,0.9948770945222715,-0.1425725013075133,0.1425725013075133,0.020326918129080884
e7000g8.bmp,train,7000.0,7.958800173440752,1.1613561209871106,1.055477274339533,-0.10587884664757752,0.10587884664757752,0.011210330167421238
e8000g8.bmp,validation,8000.0,7.958800173440752,1.1825165989072581,1.1147390946672868,-0.06777750423997131,0.06777750423997131,0.004593790080999329
e9000g8.bmp,train,9000.0,7.958800173440752,1.2086685124129508,1.1726625555055334,-0.03600595690741737,0.03600595690741737,0.0012964289328187965
e10000g8.bmp,train,10000.0,7.958800173440752,1.2284805781696713,1.2292476568542723,0.0007670786846010191,0.0007670786846010191,5.884097083692298e-07
e20000g8.bmp,train,20000.0,7.958800173440752,1.3050136541848607,1.7214888984187473,0.4164752442338866,0.4164752442338866,0.17345162905967548
e10g9.bmp,train,10.0,9.172756980512986,0.5598773397540837,0.6339648215549738,0.07408748180089009,0.07408748180089009,0.00548895495959722
e1000g9.bmp,train,1000.0,9.172756980512986,0.49922305223118657,0.7073646449642907,0.20814159273310417,0.20814159273310417,0.0433229226254734
e2000g9.bmp,train,2000.0,9.172756980512986,0.6742485541751511,0.7801742130392176,0.10592565886406657,0.10592565886406657,0.011220245205786605
e3000g9.bmp,train,3000.0,9.172756980512986,0.7935915226171066,0.8516454216246369,0.05805389900753022,0.05805389900753022,0.003370255189976518
e4000g9.bmp,train,4000.0,9.172756980512986,1.1158549081378968,0.9217782707205487,-0.19407663741734804,0.19407663741734804,0.037665741191224775
e5000g9.bmp,train,5000.0,9.172756980512986,1.15889864132034,0.9905727603269531,-0.16832588099338686,0.16832588099338686,0.028333602212199833
e6000g9.bmp,train,6000.0,9.172756980512986,1.1992133123861382,1.0580288904438497,-0.14118442194228842,0.14118442194228842,0.01993304099917813
e7000g9.bmp,validation,7000.0,9.172756980512986,1.2174287395166994,1.124146661071239,-0.09328207844546044,0.09328207844546044,0.008701546159105034
e8000g9.bmp,train,8000.0,9.172756980512986,1.274509665216706,1.1889260722091206,-0.08558359300758545,0.08558359300758545,0.007324551392088028
e9000g9.bmp,train,9000.0,9.172756980512986,1.2846107150842043,1.2523671238574947,-0.03224359122670961,0.03224359122670961,0.001039649175195145
e10000g9.bmp,validation,10000.0,9.172756980512986,1.3072788593231763,1.3144698160163613,0.0071909566931849245,0.0071909566931849245,5.170985816326106e-05
e20000g9.bmp,train,20000.0,9.172756980512986,1.4060057335957574,1.8618869656821129,0.45588123208635545,0.45588123208635545,0.2078276977685735
e10g10.bmp,train,10.0,9.89700043360188,0.555207090800847,0.6529788400544843,0.0977717492536373,0.0977717492536373,0.009559314952116125
e1000g10.bmp,train,1000.0,9.89700043360188,0.4765250035731592,0.7296375258943262,0.253112522321167,0.253112522321167,0.06406594895578326
e2000g10.bmp,train,2000.0,9.89700043360188,0.913090052655602,0.8057388742021067,-0.10735117845349529,0.10735117845349529,0.01152427551535419
e3000g10.bmp,train,3000.0,9.89700043360188,1.0257883818044882,0.8805018630203796,-0.1452865187841086,0.1452865187841086,0.02110817254040514
e4000g10.bmp,train,4000.0,9.89700043360188,1.0910481677156887,0.953926492349145,-0.13712167536654374,0.13712167536654374,0.01880235385532781
e5000g10.bmp,train,5000.0,9.89700043360188,1.1599618052727207,1.0260127621884025,-0.1339490430843182,0.1339490430843182,0.017942346143204536
e6000g10.bmp,train,6000.0,9.89700043360188,1.1965930744916062,1.0967606725381531,-0.09983240195345311,0.09983240195345311,0.009966508479795829
e7000g10.bmp,validation,7000.0,9.89700043360188,1.2230350589514827,1.1661702233983957,-0.05686483555308697,0.05686483555308697,0.0032336095224796235
e8000g10.bmp,train,8000.0,9.89700043360188,1.2593895807366857,1.2342414147691312,-0.025148165967554537,0.025148165967554537,0.0006324302515316682
e9000g10.bmp,train,9000.0,9.89700043360188,1.2846604239432804,1.3009742466503587,0.016313822707078263,0.016313822707078263,0.00026614081131798236
e10000g10.bmp,validation,10000.0,9.89700043360188,1.301210217236471,1.366368719042079,0.065158501805608,0.065158501805608,0.004245630357551422
e20000g10.bmp,validation,20000.0,9.89700043360188,1.4006070888097706,1.9467036710363663,0.5460965822265957,0.5460965822265957,0.29822147711956903
e10g11.bmp,train,10.0,10.881360887005513,0.5861421203832603,0.6800866272626194,0.09394450687935907,0.09394450687935907,0.008825570372805944
e1000g11.bmp,train,1000.0,10.881360887005513,0.4759053277519456,0.7611746183119322,0.2852692905599866,0.2852692905599866,0.08137856813659808
e2000g11.bmp,train,2000.0,10.881360887005513,0.9115178349164927,0.8417500122858446,-0.06976782263064818,0.06976782263064818,0.004867549074621585
e3000g11.bmp,validation,3000.0,10.881360887005513,1.0285894781304195,0.9209870467702496,-0.10760243136016989,0.10760243136016989,0.011578283234620073
e4000g11.bmp,validation,4000.0,10.881360887005513,1.1209305560986256,0.998885721765147,-0.12204483433347857,0.12204483433347857,0.01489494158748623
e5000g11.bmp,train,5000.0,10.881360887005513,1.1735618563622627,1.0754460372705368,-0.09811581909172595,0.09811581909172595,0.009626713956040296
e6000g11.bmp,train,6000.0,10.881360887005513,1.2476192518183615,1.1506679932864192,-0.09695125853194231,0.09695125853194231,0.009399546530927515
e7000g11.bmp,train,7000.0,10.881360887005513,1.2758473644288053,1.224551589812794,-0.0512957746160112,0.0512957746160112,0.002631256493456619
e8000g11.bmp,train,8000.0,10.881360887005513,1.30386996197273,1.2970968268496612,-0.006773135123068874,0.006773135123068874,4.587535939534921e-05
e9000g11.bmp,train,9000.0,10.881360887005513,1.3324802386625927,1.368303704397021,0.035823465734428295,0.035823465734428295,0.0012833206972257582
e10000g11.bmp,train,10000.0,10.881360887005513,1.3428828899792424,1.4381722224548734,0.09528933247563098,0.09528933247563098,0.009080056883651341
e20000g11.bmp,train,20000.0,10.881360887005513,1.451056481193106,2.063247631110481,0.6121911499173749,0.6121911499173749,0.3747780040371578
e10g12.bmp,train,10.0,12.041199826559248,0.6657190719152191,0.7138969608447147,0.048177888929495594,0.048177888929495594,0.002321108981702814
e1000g12.bmp,train,1000.0,12.041199826559248,0.5465690943236295,0.8002038538108496,0.25363475948722003,0.25363475948722003,0.06433059122013995
e2000g12.bmp,train,2000.0,12.041199826559248,1.0047620858854005,0.8860508658825625,-0.11871122000283796,0.11871122000283796,0.014092353754562194
e3000g12.bmp,validation,3000.0,12.041199826559248,1.1360244076226964,0.9705595184647677,-0.16546488915792867,0.16546488915792867,0.027378629544045623
e4000g12.bmp,train,4000.0,12.041199826559248,1.2426538012519663,1.0537298115574656,-0.18892398969450075,0.18892398969450075,0.03569227388208782
e5000g12.bmp,train,5000.0,12.041199826559248,1.3041279724528,1.1355617451606559,-0.1685662272921442,0.1685662272921442,0.028414572983506824
e6000g12.bmp,train,6000.0,12.041199826559248,1.358434657317446,1.2160553192743384,-0.14237933804310754,0.14237933804310754,0.02027187590159349
e7000g12.bmp,train,7000.0,12.041199826559248,1.3909797284689056,1.2952105338985138,-0.09576919457039179,0.09576919457039179,0.00917173862866156
e8000g12.bmp,train,8000.0,12.041199826559248,1.4204589883350982,1.3730273890331812,-0.04743159930191698,0.04743159930191698,0.0022497566123376115
e9000g12.bmp,train,9000.0,12.041199826559248,1.44456001626657,1.4495058846783415,0.004945868411771581,0.004945868411771581,2.4461614346559944e-05
e10000g12.bmp,train,10000.0,12.041199826559248,1.4615075372937827,1.524646020833994,0.06313848354021134,0.06313848354021134,0.003986468103757539
e10g13.bmp,train,10.0,13.064250275506875,0.6748897595597305,0.7453991306851624,0.07050937112543187,0.07050937112543187,0.004971571416503886
e1000g13.bmp,train,1000.0,13.064250275506875,0.5127458062065475,0.8363094213877739,0.32356361518122634,0.32356361518122634,0.10469341306914472
e2000g13.bmp,train,2000.0,13.064250275506875,1.0659384990157672,0.9268063301629981,-0.13913216885276913,0.13913216885276913,0.019357760409675462
e3000g13.bmp,validation,3000.0,13.064250275506875,1.1774224067567887,1.0159648794487148,-0.16145752730807383,0.16145752730807383,0.026068533124437406
e4000g13.bmp,validation,4000.0,13.064250275506875,1.2520674977813848,1.1037850692449238,-0.148282428536461,0.148282428536461,0.021987678612670664
e5000g13.bmp,train,5000.0,13.064250275506875,1.3388519868383213,1.1902668995516257,-0.14858508728669562,0.14858508728669562,0.022077528163994956
e6000g13.bmp,train,6000.0,13.064250275506875,1.378111466854757,1.2754103703688198,-0.10270109648593717,0.10270109648593717,0.010547515219413776
e7000g13.bmp,train,7000.0,13.064250275506875,1.4173652699496615,1.3592154816965063,-0.0581497882531552,0.0581497882531552,0.0033813978738867862
e8000g13.bmp,train,8000.0,13.064250275506875,1.4528520422398306,1.4416822335346853,-0.011169808705145279,0.011169808705145279,0.00012476462650953926
e9000g13.bmp,train,9000.0,13.064250275506875,1.4855544256598257,1.522810625883357,0.037256200223531266,0.037256200223531266,0.0013880244550958513
e10000g13.bmp,train,10000.0,13.064250275506875,1.5033768170397632,1.602600658742521,0.09922384170275778,0.09922384170275778,0.009845370762253933
e10g14.bmp,train,10.0,13.979400086720377,0.6988466546996078,0.7749126141462634,0.07606595944665562,0.07606595944665562,0.005786030186540257
e1000g14.bmp,train,1000.0,13.979400086720377,0.5041121023241344,0.86994078444495,0.36582868212081565,0.36582868212081565,0.1338306246622528
e2000g14.bmp,train,2000.0,13.979400086720377,1.0553006860321066,0.964597167559644,-0.09070351847246261,0.09070351847246261,0.008227128263284365
e3000g14.bmp,validation,3000.0,13.979400086720377,1.1654950041071899,1.0579151911848304,-0.10757981292235952,0.10757981292235952,0.011573416148409872
e4000g14.bmp,train,4000.0,13.979400086720377,1.2774083279544637,1.1498948553205097,-0.12751347263395396,0.12751347263395396,0.016259685703170126
e5000g14.bmp,train,5000.0,13.979400086720377,1.3406278749284097,1.2405361599666813,-0.10009171496172842,0.10009171496172842,0.010018351403979888
e6000g14.bmp,train,6000.0,13.979400086720377,1.395289733706628,1.3298391051233451,-0.06545062858328277,0.06545062858328277,0.004283784781946831
e7000g14.bmp,train,7000.0,13.979400086720377,1.431077849800857,1.4178036907905014,-0.013274159010355557,0.013274159010355557,0.00017620329743220364
e8000g14.bmp,train,8000.0,13.979400086720377,1.4771583059943472,1.5044299169681505,0.027271610973803373,0.027271610973803373,0.0007437407651064725
e9000g14.bmp,train,9000.0,13.979400086720377,1.5002963801296199,1.5897177836562917,0.08942140352667183,0.08942140352667183,0.007996187408679876
e10000g14.bmp,train,10000.0,13.979400086720377,1.5273490074658322,1.6736672908549257,0.14631828338909347,0.14631828338909347,0.02140904005393107
e10g15.bmp,train,10.0,15.002450535668002,0.7678747721076916,0.8093969792641748,0.04152220715648314,0.04152220715648314,0.0017240936871458995
e1000g15.bmp,train,1000.0,15.002450535668002,0.5736837613943373,0.9090285472993377,0.3353447859050004,0.3353447859050004,0.11245612543367055
e2000g15.bmp,train,2000.0,15.002450535668002,1.1349765991071517,1.0083348271175432,-0.12664177198960846,0.12664177198960846,0.01603813841266798
e3000g15.bmp,validation,3000.0,15.002450535668002,1.2995641731892007,1.106302747446241,-0.19326142574295968,0.19326142574295968,0.03734997868020152
e4000g15.bmp,train,4000.0,15.002450535668002,1.389057942923106,1.2029323082854315,-0.1861256346376745,0.1861256346376745,0.0346427518692771
e5000g15.bmp,train,5000.0,15.002450535668002,1.4717676556861945,1.2982235096351147,-0.17354414605107982,0.17354414605107982,0.030117570628598524
e6000g15.bmp,validation,6000.0,15.002450535668002,1.5128427481798326,1.3921763514952898,-0.12066639668454271,0.12066639668454271,0.01456037928883142
e7000g15.bmp,train,7000.0,15.002450535668002,1.538235677803515,1.4847908338659577,-0.05344484393755722,0.05344484393755722,0.0028563513435098465
e8000g15.bmp,train,8000.0,15.002450535668002,1.593342182594633,1.5760669567471182,-0.01727522584751484,0.01727522584751484,0.0002984334280826449
e9000g15.bmp,train,9000.0,15.002450535668002,1.6229937884003993,1.6660047201387707,0.04301093173837134,0.04301093173837134,0.001849940249002839
e10000g15.bmp,train,10000.0,15.002450535668002,1.6294173836626207,1.754604124040916,0.12518674037829536,0.12518674037829536,0.015671719966542725
e10g16.bmp,train,10.0,15.917600346881503,0.7768635633440142,0.8415781273042611,0.06471456396024688,0.06471456396024688,0.004187974788564885
e1000g16.bmp,train,1000.0,15.917600346881503,0.5560936683002644,0.945327574935499,0.3892339066352346,0.3892339066352346,0.15150303407452653
e2000g16.bmp,train,2000.0,15.917600346881503,1.1726206034909068,1.0487933290931744,-0.12382727439773245,0.12382727439773245,0.015333193884771326
e3000g16.bmp,validation,3000.0,15.917600346881503,1.3222131712066525,1.1509207237613421,-0.17129244744531036,0.17129244744531036,0.029341102551804412
e4000g16.bmp,validation,4000.0,15.917600346881503,1.4554297415626456,1.2517097589400024,-0.20371998262264324,0.20371998262264324,0.04150183131977006
e5000g16.bmp,train,5000.0,15.917600346881503,1.5339319856519227,1.3511604346291552,-0.18277155102276743,0.18277155102276743,0.03340543986326808
e6000g16.bmp,train,6000.0,15.917600346881503,1.5778802403061043,1.4492727508288006,-0.12860748947730372,0.12860748947730372,0.016539886349654784
e7000g16.bmp,train,7000.0,15.917600346881503,1.6297878195906854,1.5460467075389381,-0.08374111205174728,0.08374111205174728,0.007012573847663293
e8000g16.bmp,train,8000.0,15.917600346881503,1.682770948114231,1.6414823047595681,-0.04128864335466287,0.04128864335466287,0.0017047520700685462
e9000g16.bmp,train,9000.0,15.917600346881503,1.7005872741741677,1.735579542490691,0.034992268316523356,0.034992268316523356,0.0012244588419355643
e10000g16.bmp,train,10000.0,15.917600346881503,1.7085470036624912,1.8283384207323061,0.11979141706981489,0.11979141706981489,0.014349983603594338
e10g17.bmp,train,10.0,17.055697373610958,0.8103482987359714,0.8833564300277416,0.0730081312917702,0.0730081312917702,0.005330187234716354
e1000g17.bmp,train,1000.0,17.055697373610958,0.5672009375239236,0.9922269479660462,0.4250260104421225,0.4250260104421225,0.18064710955234722
e2000g17.bmp,train,2000.0,17.055697373610958,1.1895058079756704,1.1008655004136878,-0.0886403075619826,0.0886403075619826,0.00785710412468287
e3000g17.bmp,validation,3000.0,17.055697373610958,1.3854249077116347,1.208165693371822,-0.17725921433981284,0.17725921433981284,0.03142082906836771
e4000g17.bmp,train,4000.0,17.055697373610958,1.5071759544970031,1.3141275268404482,-0.19304842765655494,0.19304842765655494,0.03726769542066813
e5000g17.bmp,train,5000.0,17.055697373610958,1.583752257215052,1.4187510008195672,-0.1650012563954848,0.1650012563954848,0.02722541461208851
e6000g17.bmp,train,6000.0,17.055697373610958,1.6340641286002517,1.5220361153091786,-0.11202801329107315,0.11202801329107315,0.012550275761944861
e7000g17.bmp,train,7000.0,17.055697373610958,1.6702665543639772,1.6239828703092825,-0.04628368405469474,0.04628368405469474,0.002142179409674804
e8000g17.bmp,train,8000.0,17.055697373610958,1.7304130932651305,1.7245912658198788,-0.005821827445251726,0.005821827445251726,3.3893674802286236e-05
e9000g17.bmp,train,9000.0,17.055697373610958,1.7609816726964849,1.8238613018409675,0.06287962914448264,0.06287962914448264,0.003953847761347671
e10g18.bmp,validation,10.0,18.06179973983887,0.8549899321248742,0.9219116022556844,0.06692167013081018,0.06692167013081018,0.004478509933096972
e1000g18.bmp,validation,1000.0,18.06179973983887,0.5643140436641101,1.0353092570132154,0.4709952133491053,0.4709952133491053,0.22183649099776925
e2000g18.bmp,validation,2000.0,18.06179973983887,1.1823404987869837,1.1485206749348233,-0.03381982385216031,0.03381982385216031,0.0011437804853911516
e3000g18.bmp,train,3000.0,18.06179973983887,1.3978037049858296,1.2603937333669235,-0.1374099716189061,0.1374099716189061,0.018881500300308583
e4000g18.bmp,validation,4000.0,18.06179973983887,1.5331224675659485,1.370928432309516,-0.1621940352564324,0.1621940352564324,0.026306905072764834
e5000g18.bmp,train,5000.0,18.06179973983887,1.6103637278733958,1.4801247717626014,-0.1302389561107944,0.1302389561107944,0.01696218568882943
e6000g18.bmp,validation,6000.0,18.06179973983887,1.6820053660553895,1.5879827517261789,-0.09402261432921066,0.09402261432921066,0.00884025200529949
e7000g18.bmp,train,7000.0,18.06179973983887,1.721473880705278,1.6945023722002488,-0.026971508505029274,0.026971508505029274,0.0007274622710368665
e8000g18.bmp,train,8000.0,18.06179973983887,1.751304488134654,1.7996836331848116,0.04837914505015761,0.04837914505015761,0.0023405416757841897
e9000g18.bmp,train,9000.0,18.06179973983887,1.7891475300344164,1.9035265346798664,0.11437900464545003,0.11437900464545003,0.01308255670368388
e10g19.bmp,train,10.0,18.963367234542634,0.9114289707711148,0.9577541975001257,0.04632522672901085,0.04632522672901085,0.002146026631494261
e1000g19.bmp,train,1000.0,18.963367234542634,0.6105463710318088,1.0752086158011058,0.4646622447692971,0.4646622447692971,0.21591100171404215
e2000g19.bmp,train,2000.0,18.963367234542634,1.2784889192996212,1.1925177746756925,-0.08597114462392863,0.08597114462392863,0.007391037707948453
e3000g19.bmp,train,3000.0,18.963367234542634,1.4951420511580575,1.3084885740607715,-0.18665347709728608,0.18665347709728608,0.0348395205125071
e4000g19.bmp,train,4000.0,18.963367234542634,1.653311885844,1.423121013956343,-0.23019087188765686,0.23019087188765686,0.05298783750039965
e5000g19.bmp,train,5000.0,18.963367234542634,1.752822544167957,1.536415094362407,-0.21640744980554993,0.21640744980554993,0.04683218433134161
e6000g19.bmp,validation,6000.0,18.963367234542634,1.7947696356946101,1.6483708152789633,-0.14639882041564678,0.14639882041564678,0.021432614619092797
e7000g19.bmp,train,7000.0,18.963367234542634,1.841805664134105,1.7589881767060123,-0.0828174874280927,0.0828174874280927,0.0068587362239022915
e10g20.bmp,train,10.0,20.0,0.9417900561617982,1.0004773232468074,0.058687267085009154,0.058687267085009154,0.003444195317907199
e1000g20.bmp,validation,1000.0,20.0,0.6281262374384005,1.1225962553368898,0.4944700178984893,0.4944700178984893,0.24450059860053236
e2000g20.bmp,validation,2000.0,20.0,1.3317365950568827,1.2446170443014788,-0.0871195507554039,0.0871195507554039,0.007589816123823395
e3000g20.bmp,validation,3000.0,20.0,1.542443628134704,1.3652994737765602,-0.1771441543581438,0.1771441543581438,0.031380051423261876
e4000g20.bmp,train,4000.0,20.0,1.7039029154435927,1.4846435437621344,-0.21925937168145837,0.21925937168145837,0.04807467207014791
e5000g20.bmp,validation,5000.0,20.0,1.8135321630154015,1.6026492542582007,-0.21088290875720084,0.21088290875720084,0.044471601205897895
e6000g20.bmp,train,6000.0,20.0,1.8905208112245198,1.7193166052647595,-0.17120420595976027,0.17120420595976027,0.029310880138312012
e10g21.bmp,train,10.0,21.023050448947625,0.9974583272392763,1.0442252330034891,0.04676690576421283,0.04676690576421283,0.002187143474758763
e1000g21.bmp,train,1000.0,21.023050448947625,0.6433750617770821,1.1709475628300479,0.5275725010529657,0.5275725010529657,0.2783327438672815
e2000g21.bmp,train,2000.0,21.023050448947625,1.2654035564788635,1.2976182484981482,0.03221469201928473,0.03221469201928473,0.0010377863818973672
e3000g21.bmp,train,3000.0,21.023050448947625,1.537528247955747,1.4229505746767412,-0.11457767327900581,0.11457767327900581,0.013128043214030601
e4000g21.bmp,train,4000.0,21.023050448947625,1.7050205139897185,1.5469445413658265,-0.15807597262389206,0.15807597262389206,0.024988013120989472
e5000g21.bmp,train,5000.0,21.023050448947625,1.8432405362114883,1.6696001485654044,-0.17364038764608392,0.17364038764608392,0.030150984221882293
e6000g21.bmp,train,6000.0,21.023050448947625,1.9289655828202514,1.7909173962754747,-0.13804818654477669,0.13804818654477669,0.019057301808301463
e10g22.bmp,train,10.0,22.024627735813983,1.051793371555383,1.0885797979787182,0.03678642642333507,0.03678642642333507,0.001353241168999445
e1000g22.bmp,validation,1000.0,22.024627735813983,0.6742149052865557,1.2198089032238397,0.545593997937284,0.545593997937284,0.2976728105851891
e2000g22.bmp,validation,2000.0,22.024627735813983,1.3908386383553784,1.3510318872945286,-0.03980675106084974,0.03980675106084974,0.0015845774300204622
e3000g22.bmp,train,3000.0,22.024627735813983,1.669348440556291,1.4809165118757102,-0.1884319286805809,0.1884319286805809,0.035506591746283525
e4000g22.bmp,validation,4000.0,22.024627735813983,1.8454634851350502,1.6094627769673842,-0.23600070816766605,0.23600070816766605,0.05569633425563988
e5000g22.bmp,train,5000.0,22.024627735813983,1.981791567834575,1.7366706825695504,-0.24512088526502462,0.24512088526502462,0.060084248393109364
e10g23.bmp,validation,10.0,22.999769129829524,1.0995240055821822,1.1332131723985508,0.033689166816368576,0.033689166816368576,0.0011349599607811097
e1000g23.bmp,train,1000.0,22.999769129829524,0.6945432344309138,1.2688301000531859,0.574286865622272,0.574286865622272,0.3298054040262536
e2000g23.bmp,train,2000.0,22.999769129829524,1.44375589227815,1.4044852279718685,-0.039270664306281455,0.039270664306281455,0.0015421850750566483
e3000g23.bmp,train,3000.0,22.999769129829524,1.6622813865336243,1.5388019964010438,-0.12347939013258058,0.12347939013258058,0.015247159787514038
e4000g23.bmp,train,4000.0,22.999769129829524,1.877655129834058,1.6717804053407113,-0.20587472449334676,0.20587472449334676,0.04238440218521143
e10g24.bmp,validation,10.0,24.014274679280266,1.1418602998380325,1.1811661826047306,0.03930588276669811,0.03930588276669811,0.0015449524200694153
e1000g24.bmp,train,1000.0,24.014274679280266,0.7125566233355508,1.3213480586984072,0.6087914353628564,0.6087914353628564,0.37062701177116697
e2000g24.bmp,train,2000.0,24.014274679280266,1.4698898412608334,1.461614245646425,-0.008275595614408493,0.008275595614408493,6.848548277321708e-05
e3000g24.bmp,train,3000.0,24.014274679280266,1.7381012318106728,1.600542073104935,-0.13755915870573787,0.13755915870573787,0.01892252214383038
e4000g24.bmp,validation,4000.0,24.014274679280266,1.9424181260038516,1.7381315410739373,-0.20428658492991425,0.20428658492991425,0.041733008782327066
